asof_date,ticker,etf_name,category_code,category,price,nav,premium_discount_pct,change_value,change_rate_pct,three_month_return_pct,volume,amount_raw_source,market_cap_100m_krw,rise_fall_code,source,ranking_universe
20261007,069500,KODEX 200,1,국내 시장지수,108550.0,108555.0,-0.004606,-2195.0,-1.98,-14.7221,17544467.0,1928468.0,252162.0,5,NAVER_FINANCE_ETF_ITEM_LIST,EXCLUDED_FROM_V1_0_STOCK_RANKING
20261007,360750,TIGER 미국S&P500,4,해외 주식,26025.0,25980.0,0.17321,50.0,0.19,-8.8128,25833518.0,672031.0,210881.0,2,NAVER_FINANCE_ETF_ITEM_LIST,EXCLUDED_FROM_V1_0_STOCK_RANKING
20261007,133690,TIGER 미국나스닥100,4,해외 주식,185285.0,185144.0,0.076157,35.0,0.02,-7.5076,3250261.0,602074.0,122696.0,2,NAVER_FINANCE_ETF_ITEM_LIST,EXCLUDED_FROM_V1_0_STOCK_RANKING
20261007,379800,KODEX 미국S&P500,4,해외 주식,23655.0,23615.0,0.169384,50.0,0.21,-8.8466,23217443.0,549012.0,104874.0,2,NAVER_FINANCE_ETF_ITEM_LIST,EXCLUDED_FROM_V1_0_STOCK_RANKING
20261007,488770,KODEX 머니마켓액티브,7,기타,105750.0,105769.0,-0.017964,15.0,0.01,0.8633,576253.0,60938.0,104618.0,2,NAVER_FINANCE_ETF_ITEM_LIST,EXCLUDED_FROM_V1_0_STOCK_RANKING
20261007,396500,TIGER 반도체TOP10,2,국내 업종/테마,38875.0,38854.0,0.054048,-1235.0,-3.08,-9.8652,6611410.0,261898.0,102863.0,5,NAVER_FINANCE_ETF_ITEM_LIST,EXCLUDED_FROM_V1_0_STOCK_RANKING
20261007,102110,TIGER 200,1,국내 시장지수,108885.0,108833.0,0.04778,-2170.0,-1.95,-14.5276,10870760.0,1198524.0,101916.0,5,NAVER_FINANCE_ETF_ITEM_LIST,EXCLUDED_FROM_V1_0_STOCK_RANKING
20261007,379810,KODEX 미국나스닥100,4,해외 주식,27710.0,27684.0,0.093917,5.0,0.02,-7.4327,18601588.0,515258.0,101654.0,2,NAVER_FINANCE_ETF_ITEM_LIST,EXCLUDED_FROM_V1_0_STOCK_RANKING
20261007,278530,KODEX 200TR,1,국내 시장지수,39330.0,39316.0,0.035609,-835.0,-2.08,-14.4425,679511.0,27085.0,76399.0,5,NAVER_FINANCE_ETF_ITEM_LIST,EXCLUDED_FROM_V1_0_STOCK_RANKING
20261007,459580,KODEX CD금리액티브(합성),6,채권,1074240.0,1074268.0,-0.002606,380.0,0.04,0.7402,917965.0,986112.0,69884.0,2,NAVER_FINANCE_ETF_ITEM_LIST,EXCLUDED_FROM_V1_0_STOCK_RANKING
20261007,381180,TIGER 미국필라델피아반도체나스닥,4,해외 주식,46015.0,46059.0,-0.09553,-230.0,-0.5,-10.1048,1209871.0,55693.0,62764.0,5,NAVER_FINANCE_ETF_ITEM_LIST,EXCLUDED_FROM_V1_0_STOCK_RANKING
20261007,091160,KODEX 반도체,2,국내 업종/테마,144715.0,144779.0,-0.044205,-6345.0,-4.2,-1.596,1320581.0,195027.0,60961.0,5,NAVER_FINANCE_ETF_ITEM_LIST,EXCLUDED_FROM_V1_0_STOCK_RANKING
20261007,498400,KODEX 200타겟위클리커버드콜,2,국내 업종/테마,20285.0,20258.0,0.133281,-385.0,-1.86,-14.3175,7293616.0,149345.0,59232.0,5,NAVER_FINANCE_ETF_ITEM_LIST,EXCLUDED_FROM_V1_0_STOCK_RANKING
20261007,122630,KODEX 레버리지,3,국내 파생,107230.0,107230.0,0.0,-4575.0,-4.09,-36.7011,12955432.0,1421888.0,56993.0,5,NAVER_FINANCE_ETF_ITEM_LIST,EXCLUDED_FROM_V1_0_STOCK_RANKING
20261007,229200,KODEX 코스닥150,1,국내 시장지수,15345.0,15376.0,-0.201613,-505.0,-3.19,7.6035,21775360.0,339018.0,51444.0,5,NAVER_FINANCE_ETF_ITEM_LIST,EXCLUDED_FROM_V1_0_STOCK_RANKING
20261007,310970,TIGER MSCI Korea TR,1,국내 시장지수,48690.0,48642.0,0.09868,-1010.0,-2.03,-14.6415,2771.0,136.0,45184.0,5,NAVER_FINANCE_ETF_ITEM_LIST,EXCLUDED_FROM_V1_0_STOCK_RANKING
20261007,148020,RISE 200,1,국내 시장지수,109445.0,109386.0,0.053937,-2300.0,-2.06,-14.5689,1816990.0,201939.0,44106.0,5,NAVER_FINANCE_ETF_ITEM_LIST,EXCLUDED_FROM_V1_0_STOCK_RANKING
20261007,458730,TIGER 미국배당다우존스,4,해외 주식,13975.0,13957.0,0.128968,0.0,0.0,-10.6232,1737753.0,24281.0,41778.0,3,NAVER_FINANCE_ETF_ITEM_LIST,EXCLUDED_FROM_V1_0_STOCK_RANKING
20261007,395160,KODEX AI반도체TOP2플러스,2,국내 업종/테마,42250.0,42277.0,-0.063865,-1040.0,-2.4,-15.234,2940844.0,126680.0,41659.0,5,NAVER_FINANCE_ETF_ITEM_LIST,EXCLUDED_FROM_V1_0_STOCK_RANKING
20261007,360200,ACE 미국S&P500,4,해외 주식,26295.0,26264.0,0.118032,35.0,0.13,-8.7736,1536364.0,40401.0,39916.0,2,NAVER_FINANCE_ETF_ITEM_LIST,EXCLUDED_FROM_V1_0_STOCK_RANKING
20261007,381170,TIGER 미국테크TOP10 INDXX,4,해외 주식,31925.0,31872.0,0.16629,45.0,0.14,-2.1936,486162.0,15525.0,39379.0,2,NAVER_FINANCE_ETF_ITEM_LIST,EXCLUDED_FROM_V1_0_STOCK_RANKING
20261007,357870,TIGER CD금리투자KIS(합성),6,채권,58190.0,58186.0,0.006875,30.0,0.05,0.7797,120534.0,7013.0,38981.0,2,NAVER_FINANCE_ETF_ITEM_LIST,EXCLUDED_FROM_V1_0_STOCK_RANKING
20261007,395270,HANARO Fn K-반도체,2,국내 업종/테마,60230.0,60259.0,-0.048126,-1770.0,-2.85,-14.0084,1237105.0,76037.0,37312.0,5,NAVER_FINANCE_ETF_ITEM_LIST,EXCLUDED_FROM_V1_0_STOCK_RANKING
20261007,411060,ACE KRX금현물,5,원자재,24880.0,24939.0,-0.236577,-90.0,-0.36,-12.0465,980174.0,24466.0,37270.0,5,NAVER_FINANCE_ETF_ITEM_LIST,EXCLUDED_FROM_V1_0_STOCK_RANKING
20261007,233740,KODEX 코스닥150레버리지,3,국내 파생,8180.0,8198.0,-0.219566,-530.0,-6.08,2.8942,55264870.0,466365.0,37219.0,5,NAVER_FINANCE_ETF_ITEM_LIST,EXCLUDED_FROM_V1_0_STOCK_RANKING
20261007,423160,KODEX KOFR금리액티브(합성),6,채권,110730.0,110724.0,0.005419,5.0,0.0,0.7293,145795.0,16143.0,36975.0,2,NAVER_FINANCE_ETF_ITEM_LIST,EXCLUDED_FROM_V1_0_STOCK_RANKING
20261007,367380,ACE 미국나스닥100,4,해외 주식,31845.0,31824.0,0.065988,0.0,0.0,-7.452,907843.0,28910.0,36303.0,3,NAVER_FINANCE_ETF_ITEM_LIST,EXCLUDED_FROM_V1_0_STOCK_RANKING
20261007,273130,KODEX 종합채권(AA-이상)액티브,6,채권,110445.0,110447.0,-0.001811,45.0,0.04,0.3225,11186.0,1235.0,35643.0,2,NAVER_FINANCE_ETF_ITEM_LIST,EXCLUDED_FROM_V1_0_STOCK_RANKING
20261007,102780,KODEX 삼성그룹,2,국내 업종/테마,26575.0,26572.0,0.01129,-510.0,-1.88,-10.5811,323318.0,8704.0,33803.0,5,NAVER_FINANCE_ETF_ITEM_LIST,EXCLUDED_FROM_V1_0_STOCK_RANKING
20261007,455890,RISE 머니마켓액티브,6,채권,55665.0,55668.0,-0.005389,20.0,0.04,0.8609,163219.0,9085.0,31433.0,2,NAVER_FINANCE_ETF_ITEM_LIST,EXCLUDED_FROM_V1_0_STOCK_RANKING
20261007,487240,KODEX AI전력핵심설비,2,국내 업종/테마,35525.0,35492.0,0.092979,-1940.0,-5.18,-6.7166,5586090.0,206826.0,31226.0,5,NAVER_FINANCE_ETF_ITEM_LIST,EXCLUDED_FROM_V1_0_STOCK_RANKING
20261007,139260,TIGER 200 IT,2,국내 업종/테마,143705.0,143590.0,0.080089,-5090.0,-3.42,-13.3472,327707.0,47707.0,27390.0,5,NAVER_FINANCE_ETF_ITEM_LIST,EXCLUDED_FROM_V1_0_STOCK_RANKING
20261007,472150,TIGER 배당커버드콜액티브,2,국내 업종/테마,19950.0,19904.0,0.231109,-330.0,-1.63,-14.5562,3500756.0,70362.0,27389.0,5,NAVER_FINANCE_ETF_ITEM_LIST,EXCLUDED_FROM_V1_0_STOCK_RANKING
20261007,426030,TIME 미국나스닥100액티브,4,해외 주식,48605.0,48767.0,-0.332192,-30.0,-0.06,-12.2112,487380.0,23715.0,26956.0,5,NAVER_FINANCE_ETF_ITEM_LIST,EXCLUDED_FROM_V1_0_STOCK_RANKING
20261007,481050,KODEX CD1년금리플러스액티브(합성),6,채권,1022475.0,1022194.0,0.02749,380.0,0.04,0.8158,31814.0,32528.0,26662.0,2,NAVER_FINANCE_ETF_ITEM_LIST,EXCLUDED_FROM_V1_0_STOCK_RANKING
20261007,486290,TIGER 미국나스닥100타겟데일리커버드콜,4,해외 주식,10600.0,10592.0,0.075529,-10.0,-0.09,-8.0572,1168180.0,12373.0,26558.0,5,NAVER_FINANCE_ETF_ITEM_LIST,EXCLUDED_FROM_V1_0_STOCK_RANKING
20261007,278540,KODEX MSCI Korea TR,1,국내 시장지수,38900.0,38728.0,0.444123,-490.0,-1.24,-15.2904,22927.0,900.0,23924.0,5,NAVER_FINANCE_ETF_ITEM_LIST,EXCLUDED_FROM_V1_0_STOCK_RANKING
20261007,449170,TIGER KOFR금리액티브(합성),6,채권,112090.0,112081.0,0.00803,20.0,0.02,0.7189,46289.0,5188.0,23679.0,2,NAVER_FINANCE_ETF_ITEM_LIST,EXCLUDED_FROM_V1_0_STOCK_RANKING
20261007,161510,PLUS 고배당주,2,국내 업종/테마,24305.0,24364.0,-0.242161,-105.0,-0.43,-3.1366,588262.0,14365.0,23573.0,5,NAVER_FINANCE_ETF_ITEM_LIST,EXCLUDED_FROM_V1_0_STOCK_RANKING
20261007,385540,RISE 종합채권(A-이상)액티브,6,채권,103555.0,103552.0,0.002897,90.0,0.09,0.4758,3375.0,349.0,21706.0,2,NAVER_FINANCE_ETF_ITEM_LIST,EXCLUDED_FROM_V1_0_STOCK_RANKING
20261007,456600,TIME 글로벌AI인공지능액티브,4,해외 주식,58750.0,58939.0,-0.320671,-810.0,-1.36,-12.1081,101155.0,5960.0,21115.0,5,NAVER_FINANCE_ETF_ITEM_LIST,EXCLUDED_FROM_V1_0_STOCK_RANKING
20261007,305720,KODEX 2차전지산업,2,국내 업종/테마,15720.0,15714.0,0.038183,-265.0,-1.66,13.3286,4388013.0,69014.0,20467.0,5,NAVER_FINANCE_ETF_ITEM_LIST,EXCLUDED_FROM_V1_0_STOCK_RANKING
20261007,284430,KODEX 200미국채혼합50,6,채권,20280.0,20292.0,-0.059137,-235.0,-1.15,-14.0891,343959.0,7022.0,19534.0,5,NAVER_FINANCE_ETF_ITEM_LIST,EXCLUDED_FROM_V1_0_STOCK_RANKING
20261007,214980,KODEX 단기채권PLUS,6,채권,114610.0,114637.0,-0.023553,25.0,0.02,0.7447,12074.0,1383.0,19478.0,2,NAVER_FINANCE_ETF_ITEM_LIST,EXCLUDED_FROM_V1_0_STOCK_RANKING
20261007,292150,TIGER 코리아TOP10,2,국내 업종/테마,37820.0,37870.0,-0.132031,-870.0,-2.25,-15.8752,303656.0,11648.0,19194.0,5,NAVER_FINANCE_ETF_ITEM_LIST,EXCLUDED_FROM_V1_0_STOCK_RANKING
20261007,442580,PLUS 글로벌HBM반도체,4,해외 주식,104540.0,105099.0,-0.531879,-2710.0,-2.53,-15.9154,602486.0,63684.0,17594.0,5,NAVER_FINANCE_ETF_ITEM_LIST,EXCLUDED_FROM_V1_0_STOCK_RANKING
20261007,294400,KIWOOM 200TR,1,국내 시장지수,142500.0,142539.0,-0.027361,-3095.0,-2.13,-14.5996,103541.0,14984.0,17528.0,5,NAVER_FINANCE_ETF_ITEM_LIST,EXCLUDED_FROM_V1_0_STOCK_RANKING
20261007,441640,KODEX 미국배당커버드콜액티브,4,해외 주식,12180.0,12178.0,0.016423,5.0,0.04,-9.3076,546521.0,6656.0,17040.0,2,NAVER_FINANCE_ETF_ITEM_LIST,EXCLUDED_FROM_V1_0_STOCK_RANKING
20261007,368590,RISE 미국나스닥100,4,해외 주식,30860.0,30833.0,0.087569,-10.0,-0.03,-7.4399,137978.0,4256.0,16479.0,5,NAVER_FINANCE_ETF_ITEM_LIST,EXCLUDED_FROM_V1_0_STOCK_RANKING
20261007,446770,ACE 글로벌반도체TOP4 Plus,4,해외 주식,81835.0,81624.0,0.258502,-1150.0,-1.39,-10.9127,105838.0,8674.0,16367.0,5,NAVER_FINANCE_ETF_ITEM_LIST,EXCLUDED_FROM_V1_0_STOCK_RANKING
20261007,105190,ACE 200,1,국내 시장지수,108790.0,108808.0,-0.016543,-2370.0,-2.13,-14.5497,767862.0,85061.0,16319.0,5,NAVER_FINANCE_ETF_ITEM_LIST,EXCLUDED_FROM_V1_0_STOCK_RANKING
20261007,329200,TIGER 리츠부동산인프라,2,국내 업종/테마,4045.0,4054.0,-0.222003,10.0,0.25,1.6222,2276800.0,9191.0,15796.0,2,NAVER_FINANCE_ETF_ITEM_LIST,EXCLUDED_FROM_V1_0_STOCK_RANKING
20261007,477080,RISE CD금리액티브(합성),6,채권,107815.0,107817.0,-0.001855,30.0,0.03,0.7571,5512.0,594.0,15578.0,2,NAVER_FINANCE_ETF_ITEM_LIST,EXCLUDED_FROM_V1_0_STOCK_RANKING
20261007,487230,KODEX 미국AI전력핵심인프라,4,해외 주식,20625.0,20739.0,-0.549689,545.0,2.71,-21.3803,1115328.0,23067.0,15520.0,2,NAVER_FINANCE_ETF_ITEM_LIST,EXCLUDED_FROM_V1_0_STOCK_RANKING
20261007,379780,RISE 미국S&P500,4,해외 주식,22695.0,22654.0,0.180983,45.0,0.2,-8.8165,310473.0,7045.0,14979.0,2,NAVER_FINANCE_ETF_ITEM_LIST,EXCLUDED_FROM_V1_0_STOCK_RANKING
20261007,091230,TIGER 반도체,2,국내 업종/테마,153740.0,153109.0,0.412125,-6340.0,-3.96,-0.9587,181684.0,28365.0,14944.0,5,NAVER_FINANCE_ETF_ITEM_LIST,EXCLUDED_FROM_V1_0_STOCK_RANKING
20261007,232080,TIGER 코스닥150,1,국내 시장지수,15620.0,15677.0,-0.36359,-515.0,-3.19,7.5308,9550151.0,151332.0,14820.0,5,NAVER_FINANCE_ETF_ITEM_LIST,EXCLUDED_FROM_V1_0_STOCK_RANKING
20261007,152100,PLUS 200,1,국내 시장지수,110155.0,110183.0,-0.025412,-2395.0,-2.13,-14.5711,532033.0,59532.0,14706.0,5,NAVER_FINANCE_ETF_ITEM_LIST,EXCLUDED_FROM_V1_0_STOCK_RANKING
20261007,226490,KODEX 코스피,1,국내 시장지수,70215.0,70266.0,-0.072581,-1345.0,-1.88,-13.671,391875.0,27709.0,14008.0,5,NAVER_FINANCE_ETF_ITEM_LIST,EXCLUDED_FROM_V1_0_STOCK_RANKING
20261007,390390,KODEX 미국반도체,4,해외 주식,57615.0,57557.0,0.10077,-390.0,-0.67,-7.4104,507929.0,29268.0,13972.0,5,NAVER_FINANCE_ETF_ITEM_LIST,EXCLUDED_FROM_V1_0_STOCK_RANKING
20261007,453850,ACE 미국30년국채액티브(H),6,채권,6705.0,6736.0,-0.460214,-30.0,-0.45,-8.5199,870896.0,5849.0,13960.0,5,NAVER_FINANCE_ETF_ITEM_LIST,EXCLUDED_FROM_V1_0_STOCK_RANKING
20261007,455850,SOL AI반도체소부장,2,국내 업종/테마,30310.0,30332.0,-0.072531,-1720.0,-5.37,25.7804,4628708.0,143278.0,13261.0,5,NAVER_FINANCE_ETF_ITEM_LIST,EXCLUDED_FROM_V1_0_STOCK_RANKING
20261007,466920,SOL 조선TOP3플러스,2,국내 업종/테마,24865.0,24876.0,-0.044219,-860.0,-3.34,-22.1752,746838.0,18793.0,13216.0,5,NAVER_FINANCE_ETF_ITEM_LIST,EXCLUDED_FROM_V1_0_STOCK_RANKING
20261007,475630,TIGER CD1년금리액티브(합성),7,기타,1079715.0,1079716.0,-9.3e-05,415.0,0.04,0.805,38301.0,41354.0,13204.0,2,NAVER_FINANCE_ETF_ITEM_LIST,EXCLUDED_FROM_V1_0_STOCK_RANKING
20261007,469150,ACE AI반도체TOP3+,2,국내 업종/테마,64420.0,64377.0,0.066794,-2265.0,-3.4,-2.2286,258333.0,16919.0,13174.0,5,NAVER_FINANCE_ETF_ITEM_LIST,EXCLUDED_FROM_V1_0_STOCK_RANKING
20261007,448330,KODEX 삼성전자채권혼합,1,국내 시장지수,17665.0,17624.0,0.232637,-15.0,-0.08,-1.8019,725429.0,12867.0,13054.0,5,NAVER_FINANCE_ETF_ITEM_LIST,EXCLUDED_FROM_V1_0_STOCK_RANKING
20261007,157450,TIGER 단기통안채,6,채권,112870.0,112868.0,0.001772,45.0,0.04,0.6467,64575.0,7288.0,12837.0,2,NAVER_FINANCE_ETF_ITEM_LIST,EXCLUDED_FROM_V1_0_STOCK_RANKING
20261007,436140,SOL 종합채권(AA-이상)액티브,6,채권,106825.0,106841.0,-0.014976,120.0,0.11,0.3338,312.0,33.0,12752.0,2,NAVER_FINANCE_ETF_ITEM_LIST,EXCLUDED_FROM_V1_0_STOCK_RANKING
20261007,465580,ACE 미국빅테크TOP7 Plus,4,해외 주식,24985.0,24965.0,0.080112,35.0,0.14,0.3015,451882.0,11283.0,12580.0,2,NAVER_FINANCE_ETF_ITEM_LIST,EXCLUDED_FROM_V1_0_STOCK_RANKING
20261007,494310,KODEX 반도체레버리지,2,국내 업종/테마,98400.0,98245.0,0.157769,-8715.0,-8.14,-20.2242,2937061.0,300162.0,12398.0,5,NAVER_FINANCE_ETF_ITEM_LIST,EXCLUDED_FROM_V1_0_STOCK_RANKING
20261007,487340,ACE 머니마켓액티브,6,채권,106265.0,106265.0,0.0,55.0,0.05,0.9121,11174.0,1187.0,12398.0,2,NAVER_FINANCE_ETF_ITEM_LIST,EXCLUDED_FROM_V1_0_STOCK_RANKING
20261007,438080,ACE 미국S&P500미국채혼합50액티브,7,기타,13770.0,13772.0,-0.014522,0.0,0.0,-10.3516,344435.0,4739.0,12393.0,3,NAVER_FINANCE_ETF_ITEM_LIST,EXCLUDED_FROM_V1_0_STOCK_RANKING
20261007,153130,KODEX 단기채권,6,채권,113330.0,113331.0,-0.000882,50.0,0.04,0.6334,15121.0,1713.0,11899.0,2,NAVER_FINANCE_ETF_ITEM_LIST,EXCLUDED_FROM_V1_0_STOCK_RANKING
20261007,356540,ACE 종합채권(AA-이상)액티브,6,채권,101770.0,101787.0,-0.016702,90.0,0.09,0.4048,268.0,27.0,11845.0,2,NAVER_FINANCE_ETF_ITEM_LIST,EXCLUDED_FROM_V1_0_STOCK_RANKING
20261007,497570,TIGER 미국필라델피아AI반도체나스닥,4,해외 주식,23355.0,23349.0,0.025697,-70.0,-0.3,-6.4525,345900.0,8079.0,11666.0,5,NAVER_FINANCE_ETF_ITEM_LIST,EXCLUDED_FROM_V1_0_STOCK_RANKING
20261007,445290,KODEX 로봇액티브,2,국내 업종/테마,30920.0,30917.0,0.009703,-1200.0,-3.74,-1.389,184554.0,5817.0,10698.0,5,NAVER_FINANCE_ETF_ITEM_LIST,EXCLUDED_FROM_V1_0_STOCK_RANKING
20261007,469830,SOL 초단기채권액티브,6,채권,54575.0,54578.0,-0.005497,25.0,0.05,0.8877,143369.0,7824.0,10678.0,2,NAVER_FINANCE_ETF_ITEM_LIST,EXCLUDED_FROM_V1_0_STOCK_RANKING
20261007,494300,KODEX 미국나스닥100데일리커버드콜OTM,4,해외 주식,8965.0,8965.0,0.0,5.0,0.06,-10.96,630838.0,5653.0,10615.0,2,NAVER_FINANCE_ETF_ITEM_LIST,EXCLUDED_FROM_V1_0_STOCK_RANKING
20261007,449180,KODEX 미국S&P500(H),4,해외 주식,17470.0,17457.0,0.074469,80.0,0.46,3.6688,707223.0,12359.0,10534.0,2,NAVER_FINANCE_ETF_ITEM_LIST,EXCLUDED_FROM_V1_0_STOCK_RANKING
20261007,451540,TIGER 종합채권(AA-이상)액티브,6,채권,53135.0,53140.0,-0.009409,60.0,0.11,0.3877,2457.0,130.0,10485.0,2,NAVER_FINANCE_ETF_ITEM_LIST,EXCLUDED_FROM_V1_0_STOCK_RANKING
20261007,494890,KODEX 200액티브,1,국내 시장지수,31260.0,31288.0,-0.089491,-685.0,-2.14,-15.0895,340478.0,10788.0,10128.0,5,NAVER_FINANCE_ETF_ITEM_LIST,EXCLUDED_FROM_V1_0_STOCK_RANKING
20261007,295040,SOL 200TR,1,국내 시장지수,40705.0,40716.0,-0.027016,-880.0,-2.12,-14.5836,52186.0,2147.0,10074.0,5,NAVER_FINANCE_ETF_ITEM_LIST,EXCLUDED_FROM_V1_0_STOCK_RANKING
20261007,479520,RISE KOFR금리액티브(합성),6,채권,106705.0,106682.0,0.021559,45.0,0.04,0.7129,14648.0,1563.0,10059.0,2,NAVER_FINANCE_ETF_ITEM_LIST,EXCLUDED_FROM_V1_0_STOCK_RANKING
20261007,446720,SOL 미국배당다우존스,4,해외 주식,12810.0,12791.0,0.148542,-5.0,-0.04,-10.765,319851.0,4096.0,9889.0,5,NAVER_FINANCE_ETF_ITEM_LIST,EXCLUDED_FROM_V1_0_STOCK_RANKING
20261007,305540,TIGER 2차전지테마,2,국내 업종/테마,19870.0,19991.0,-0.605272,-520.0,-2.55,15.2302,818733.0,16374.0,9885.0,5,NAVER_FINANCE_ETF_ITEM_LIST,EXCLUDED_FROM_V1_0_STOCK_RANKING
20261007,438100,ACE 미국나스닥100미국채혼합50액티브,7,기타,15200.0,15191.0,0.059246,-20.0,-0.13,-9.5125,252959.0,3841.0,9530.0,5,NAVER_FINANCE_ETF_ITEM_LIST,EXCLUDED_FROM_V1_0_STOCK_RANKING
20261007,495050,RISE 코리아밸류업,1,국내 시장지수,31745.0,31744.0,0.00315,-625.0,-1.93,-14.2926,647336.0,20671.0,9317.0,5,NAVER_FINANCE_ETF_ITEM_LIST,EXCLUDED_FROM_V1_0_STOCK_RANKING
20261007,315930,KODEX Top5PlusTR,2,국내 업종/테마,77515.0,77470.0,0.058087,-1110.0,-1.41,-16.5739,7670.0,598.0,9302.0,5,NAVER_FINANCE_ETF_ITEM_LIST,EXCLUDED_FROM_V1_0_STOCK_RANKING
20261007,237350,KODEX 코스피100,1,국내 시장지수,86615.0,86507.0,0.124845,-1690.0,-1.91,-15.0676,129455.0,11329.0,9268.0,5,NAVER_FINANCE_ETF_ITEM_LIST,EXCLUDED_FROM_V1_0_STOCK_RANKING
20261007,402970,ACE 미국배당다우존스,4,해외 주식,14230.0,14220.0,0.070323,-10.0,-0.07,-10.7519,202322.0,2878.0,9207.0,5,NAVER_FINANCE_ETF_ITEM_LIST,EXCLUDED_FROM_V1_0_STOCK_RANKING
20261007,449450,PLUS K방산,2,국내 업종/테마,47910.0,47821.0,0.186111,-2645.0,-5.23,-21.7658,366680.0,17878.0,9184.0,5,NAVER_FINANCE_ETF_ITEM_LIST,EXCLUDED_FROM_V1_0_STOCK_RANKING
20261007,462330,KODEX 2차전지산업레버리지,2,국내 업종/테마,1150.0,1160.0,-0.862069,-50.0,-4.17,15.942,85322583.0,99277.0,8823.0,5,NAVER_FINANCE_ETF_ITEM_LIST,EXCLUDED_FROM_V1_0_STOCK_RANKING
20261007,498410,KODEX 금융고배당TOP10타겟위클리커버드콜,2,국내 업종/테마,11340.0,11351.0,-0.096908,15.0,0.13,-2.4515,804586.0,9135.0,8777.0,2,NAVER_FINANCE_ETF_ITEM_LIST,EXCLUDED_FROM_V1_0_STOCK_RANKING
20261007,479080,1Q 머니마켓액티브,6,채권,53960.0,53957.0,0.00556,25.0,0.05,0.879,14164.0,764.0,8727.0,2,NAVER_FINANCE_ETF_ITEM_LIST,EXCLUDED_FROM_V1_0_STOCK_RANKING
20261007,475720,RISE 200위클리커버드콜,3,국내 파생,12540.0,12541.0,-0.007974,-190.0,-1.49,-8.5148,745612.0,9454.0,8690.0,5,NAVER_FINANCE_ETF_ITEM_LIST,EXCLUDED_FROM_V1_0_STOCK_RANKING
20261007,490590,RISE 미국AI밸류체인데일리고정커버드콜,4,해외 주식,14685.0,14665.0,0.136379,125.0,0.86,-3.8566,663519.0,9732.0,8488.0,2,NAVER_FINANCE_ETF_ITEM_LIST,EXCLUDED_FROM_V1_0_STOCK_RANKING
20261007,466940,TIGER 은행고배당플러스TOP10,2,국내 업종/테마,25675.0,25737.0,-0.240898,-80.0,-0.31,-1.6327,359729.0,9277.0,8177.0,5,NAVER_FINANCE_ETF_ITEM_LIST,EXCLUDED_FROM_V1_0_STOCK_RANKING
20261007,069660,KIWOOM 200,1,국내 시장지수,108460.0,108506.0,-0.042394,-2310.0,-2.09,-14.6157,249791.0,27538.0,7972.0,5,NAVER_FINANCE_ETF_ITEM_LIST,EXCLUDED_FROM_V1_0_STOCK_RANKING
20261007,272580,TIGER 단기채권액티브,6,채권,57265.0,57267.0,-0.003492,25.0,0.04,0.8012,19042.0,1090.0,7931.0,2,NAVER_FINANCE_ETF_ITEM_LIST,EXCLUDED_FROM_V1_0_STOCK_RANKING
20261007,418660,TIGER 미국나스닥100레버리지(합성),4,해외 주식,42080.0,42007.0,0.173781,15.0,0.04,-15.5237,166462.0,7001.0,7785.0,2,NAVER_FINANCE_ETF_ITEM_LIST,EXCLUDED_FROM_V1_0_STOCK_RANKING
20261007,441800,TIME Korea플러스배당액티브,1,국내 시장지수,28120.0,28121.0,-0.003556,-290.0,-1.02,-14.7143,115646.0,3274.0,7727.0,5,NAVER_FINANCE_ETF_ITEM_LIST,EXCLUDED_FROM_V1_0_STOCK_RANKING
20261007,495850,KODEX 코리아밸류업,1,국내 시장지수,31460.0,31491.0,-0.098441,-640.0,-1.99,-14.4687,154900.0,4902.0,7708.0,5,NAVER_FINANCE_ETF_ITEM_LIST,EXCLUDED_FROM_V1_0_STOCK_RANKING
20261007,252670,KODEX 200선물인버스2X,3,국내 파생,73.0,74.0,-1.351351,3.0,4.29,-7.8948,6172820697.0,442758.0,7660.0,2,NAVER_FINANCE_ETF_ITEM_LIST,EXCLUDED_FROM_V1_0_STOCK_RANKING
20261007,457480,ACE 테슬라밸류체인액티브,4,해외 주식,18260.0,18314.0,-0.294856,-95.0,-0.52,-18.2041,182113.0,3324.0,7541.0,5,NAVER_FINANCE_ETF_ITEM_LIST,EXCLUDED_FROM_V1_0_STOCK_RANKING
20261007,476550,TIGER 미국30년국채커버드콜액티브(H),6,채권,6325.0,6349.0,-0.378012,-5.0,-0.08,-8.8224,690247.0,4366.0,7343.0,5,NAVER_FINANCE_ETF_ITEM_LIST,EXCLUDED_FROM_V1_0_STOCK_RANKING
20261007,456610,TIGER 미국달러SOFR금리액티브(합성),6,채권,58455.0,58445.0,0.01711,-105.0,-0.18,-11.3131,26798.0,1564.0,7328.0,5,NAVER_FINANCE_ETF_ITEM_LIST,EXCLUDED_FROM_V1_0_STOCK_RANKING
20261007,364980,TIGER 2차전지TOP10,2,국내 업종/테마,10695.0,10723.0,-0.261121,-195.0,-1.79,14.2108,3943685.0,42286.0,7289.0,5,NAVER_FINANCE_ETF_ITEM_LIST,EXCLUDED_FROM_V1_0_STOCK_RANKING
20261007,329750,TIGER 미국달러단기채권액티브,6,채권,12700.0,12690.0,0.078802,-20.0,-0.16,-11.8198,159061.0,2016.0,7277.0,5,NAVER_FINANCE_ETF_ITEM_LIST,EXCLUDED_FROM_V1_0_STOCK_RANKING
20261007,114800,KODEX 인버스,3,국내 파생,1008.0,1009.0,-0.099108,21.0,2.13,4.0042,639465904.0,636284.0,7267.0,2,NAVER_FINANCE_ETF_ITEM_LIST,EXCLUDED_FROM_V1_0_STOCK_RANKING
20261007,144600,KODEX 은선물(H),5,원자재,9805.0,9784.0,0.214636,-15.0,-0.15,-2.8204,344475.0,3399.0,7216.0,5,NAVER_FINANCE_ETF_ITEM_LIST,EXCLUDED_FROM_V1_0_STOCK_RANKING
20261007,367760,RISE 네트워크인프라,2,국내 업종/테마,63155.0,63073.0,0.130008,-2595.0,-3.95,-9.8451,147369.0,9513.0,7200.0,5,NAVER_FINANCE_ETF_ITEM_LIST,EXCLUDED_FROM_V1_0_STOCK_RANKING
20261007,481060,KODEX 미국30년국채타겟커버드콜(합성 H),6,채권,6975.0,7033.0,-0.824684,-5.0,-0.07,-7.2389,402586.0,2812.0,7083.0,5,NAVER_FINANCE_ETF_ITEM_LIST,EXCLUDED_FROM_V1_0_STOCK_RANKING
20261007,488080,TIGER 반도체TOP10레버리지,3,국내 파생,38605.0,38427.0,0.463216,-1990.0,-4.9,-33.9973,3818496.0,152881.0,7007.0,5,NAVER_FINANCE_ETF_ITEM_LIST,EXCLUDED_FROM_V1_0_STOCK_RANKING
20261007,314250,KODEX 미국빅테크10(H),4,해외 주식,65340.0,65315.0,0.038276,330.0,0.51,12.4878,56019.0,3666.0,6821.0,2,NAVER_FINANCE_ETF_ITEM_LIST,EXCLUDED_FROM_V1_0_STOCK_RANKING
20261007,482730,TIGER 미국S&P500타겟데일리커버드콜,4,해외 주식,11530.0,11510.0,0.173762,10.0,0.09,-8.9819,333481.0,3844.0,6803.0,2,NAVER_FINANCE_ETF_ITEM_LIST,EXCLUDED_FROM_V1_0_STOCK_RANKING
20261007,290130,RISE ESG사회책임투자,2,국내 업종/테마,47620.0,47630.0,-0.020995,-1200.0,-2.46,-14.6429,53261.0,2570.0,6714.0,5,NAVER_FINANCE_ETF_ITEM_LIST,EXCLUDED_FROM_V1_0_STOCK_RANKING
20261007,423920,TIGER 미국필라델피아반도체레버리지(합성),4,해외 주식,95580.0,95678.0,-0.102427,-710.0,-0.74,-25.3846,111629.0,10672.0,6605.0,5,NAVER_FINANCE_ETF_ITEM_LIST,EXCLUDED_FROM_V1_0_STOCK_RANKING
20261007,491010,TIGER 글로벌AI전력인프라액티브,4,해외 주식,25780.0,25915.0,-0.520934,280.0,1.1,-23.077,97709.0,2526.0,6533.0,2,NAVER_FINANCE_ETF_ITEM_LIST,EXCLUDED_FROM_V1_0_STOCK_RANKING
20261007,458760,TIGER 미국배당다우존스타겟커버드콜2호,4,해외 주식,10135.0,10136.0,-0.009866,-20.0,-0.2,-11.0316,173036.0,1754.0,6522.0,5,NAVER_FINANCE_ETF_ITEM_LIST,EXCLUDED_FROM_V1_0_STOCK_RANKING
20261007,434730,HANARO 원자력iSelect,2,국내 업종/테마,55850.0,56016.0,-0.296344,-2200.0,-3.79,-8.6403,261099.0,15104.0,6479.0,5,NAVER_FINANCE_ETF_ITEM_LIST,EXCLUDED_FROM_V1_0_STOCK_RANKING
20261007,471990,KODEX AI반도체핵심장비,2,국내 업종/테마,30485.0,30430.0,0.180743,-1795.0,-5.56,33.0448,2510191.0,78186.0,6448.0,5,NAVER_FINANCE_ETF_ITEM_LIST,EXCLUDED_FROM_V1_0_STOCK_RANKING
20261007,102970,KODEX 증권,2,국내 업종/테마,17140.0,17178.0,-0.221213,-290.0,-1.66,-25.5466,404522.0,7000.0,6410.0,5,NAVER_FINANCE_ETF_ITEM_LIST,EXCLUDED_FROM_V1_0_STOCK_RANKING
20261007,434060,KODEX TDF2050액티브 적격,7,기타,16800.0,16712.0,0.526568,5.0,0.03,-7.4663,74368.0,1250.0,6376.0,2,NAVER_FINANCE_ETF_ITEM_LIST,EXCLUDED_FROM_V1_0_STOCK_RANKING
20261007,371460,TIGER 차이나전기차SOLACTIVE,4,해외 주식,8880.0,8987.0,-1.190609,-50.0,-0.56,-29.0707,99747.0,885.0,6369.0,5,NAVER_FINANCE_ETF_ITEM_LIST,EXCLUDED_FROM_V1_0_STOCK_RANKING
20261007,466950,TIGER 글로벌AI액티브,4,해외 주식,32445.0,32484.0,-0.120059,30.0,0.09,-19.003,85023.0,2760.0,6126.0,2,NAVER_FINANCE_ETF_ITEM_LIST,EXCLUDED_FROM_V1_0_STOCK_RANKING
20261007,491620,RISE 미국테크100데일리고정커버드콜,4,해외 주식,10520.0,10510.0,0.095147,5.0,0.05,-6.9247,486334.0,5113.0,6017.0,2,NAVER_FINANCE_ETF_ITEM_LIST,EXCLUDED_FROM_V1_0_STOCK_RANKING
20261007,489250,KODEX 미국배당다우존스,4,해외 주식,12055.0,12043.0,0.099643,-10.0,-0.08,-10.7076,203077.0,2447.0,5919.0,5,NAVER_FINANCE_ETF_ITEM_LIST,EXCLUDED_FROM_V1_0_STOCK_RANKING
20261007,496020,WON 전단채플러스액티브,6,채권,52665.0,52664.0,0.001899,30.0,0.06,0.9203,2907.0,153.0,5891.0,2,NAVER_FINANCE_ETF_ITEM_LIST,EXCLUDED_FROM_V1_0_STOCK_RANKING
20261007,251600,PLUS 고배당주채권혼합,7,기타,15150.0,15167.0,-0.112085,-20.0,-0.13,-0.8419,127143.0,1930.0,5878.0,5,NAVER_FINANCE_ETF_ITEM_LIST,EXCLUDED_FROM_V1_0_STOCK_RANKING
20261007,477050,PLUS 머니마켓액티브,6,채권,53705.0,53701.0,0.007449,35.0,0.07,0.8929,16777.0,900.0,5807.0,2,NAVER_FINANCE_ETF_ITEM_LIST,EXCLUDED_FROM_V1_0_STOCK_RANKING
20261007,449190,KODEX 미국나스닥100(H),4,해외 주식,23465.0,23482.0,-0.072396,40.0,0.17,5.1253,905370.0,21258.0,5772.0,2,NAVER_FINANCE_ETF_ITEM_LIST,EXCLUDED_FROM_V1_0_STOCK_RANKING
20261007,484790,KODEX 미국30년국채액티브(H),6,채권,7730.0,7761.0,-0.399433,-30.0,-0.39,-8.286,355496.0,2750.0,5756.0,5,NAVER_FINANCE_ETF_ITEM_LIST,EXCLUDED_FROM_V1_0_STOCK_RANKING
20261007,138540,TIGER 현대차그룹플러스,2,국내 업종/테마,44200.0,44183.0,0.038476,-1495.0,-3.27,-21.134,220828.0,9804.0,5746.0,5,NAVER_FINANCE_ETF_ITEM_LIST,EXCLUDED_FROM_V1_0_STOCK_RANKING
20261007,451000,PLUS 종합채권(AA-이상)액티브,6,채권,107830.0,107863.0,-0.030594,-45.0,-0.04,0.3581,74.0,7.0,5664.0,5,NAVER_FINANCE_ETF_ITEM_LIST,EXCLUDED_FROM_V1_0_STOCK_RANKING
20261007,462010,TIGER 2차전지소재Fn,2,국내 업종/테마,5135.0,5161.0,-0.503778,-225.0,-4.2,11.3187,4093358.0,21294.0,5636.0,5,NAVER_FINANCE_ETF_ITEM_LIST,EXCLUDED_FROM_V1_0_STOCK_RANKING
20261007,277630,TIGER 코스피,1,국내 시장지수,71380.0,71336.0,0.06168,-1300.0,-1.79,-13.3424,135616.0,9738.0,5568.0,5,NAVER_FINANCE_ETF_ITEM_LIST,EXCLUDED_FROM_V1_0_STOCK_RANKING
20261007,365780,ACE 국고채10년,6,채권,82605.0,82575.0,0.036331,-45.0,-0.05,-0.139,4616.0,381.0,5544.0,5,NAVER_FINANCE_ETF_ITEM_LIST,EXCLUDED_FROM_V1_0_STOCK_RANKING
20261007,455030,KODEX 미국달러SOFR금리액티브(합성),6,채권,11470.0,11490.0,-0.174064,-60.0,-0.52,-11.4039,54214.0,622.0,5288.0,5,NAVER_FINANCE_ETF_ITEM_LIST,EXCLUDED_FROM_V1_0_STOCK_RANKING
20261007,435420,TIGER 미국나스닥100채권혼합50,7,기타,14240.0,14255.0,-0.105226,-5.0,-0.04,-3.4728,234579.0,3342.0,5205.0,5,NAVER_FINANCE_ETF_ITEM_LIST,EXCLUDED_FROM_V1_0_STOCK_RANKING
20261007,361580,RISE 200TR,1,국내 시장지수,61705.0,61703.0,0.003241,-1305.0,-2.07,-14.6785,1209378.0,75795.0,4998.0,5,NAVER_FINANCE_ETF_ITEM_LIST,EXCLUDED_FROM_V1_0_STOCK_RANKING
20261007,494670,TIGER 조선TOP10,2,국내 업종/테마,19675.0,19682.0,-0.035565,-745.0,-3.65,-20.4209,434412.0,8666.0,4988.0,5,NAVER_FINANCE_ETF_ITEM_LIST,EXCLUDED_FROM_V1_0_STOCK_RANKING
20261007,114260,KODEX 국고채3년,6,채권,61920.0,61924.0,-0.00646,-20.0,-0.03,0.5764,11428.0,707.0,4983.0,5,NAVER_FINANCE_ETF_ITEM_LIST,EXCLUDED_FROM_V1_0_STOCK_RANKING
20261007,315960,RISE 대형고배당10TR,2,국내 업종/테마,75950.0,75842.0,0.142401,-1185.0,-1.54,-17.5512,62510.0,4783.0,4975.0,5,NAVER_FINANCE_ETF_ITEM_LIST,EXCLUDED_FROM_V1_0_STOCK_RANKING
20261007,371160,TIGER 차이나항셍테크,4,해외 주식,6140.0,6125.0,0.244898,-35.0,-0.57,-18.3775,183060.0,1128.0,4967.0,5,NAVER_FINANCE_ETF_ITEM_LIST,EXCLUDED_FROM_V1_0_STOCK_RANKING
20261007,438330,TIGER 우량회사채액티브,6,채권,115875.0,115893.0,-0.015532,50.0,0.04,0.8664,12713.0,1473.0,4957.0,2,NAVER_FINANCE_ETF_ITEM_LIST,EXCLUDED_FROM_V1_0_STOCK_RANKING
20261007,396520,TIGER 차이나반도체FACTSET,4,해외 주식,12000.0,12059.0,-0.489261,-100.0,-0.83,-38.1075,94782.0,1138.0,4954.0,5,NAVER_FINANCE_ETF_ITEM_LIST,EXCLUDED_FROM_V1_0_STOCK_RANKING
20261007,448290,TIGER 미국S&P500(H),4,해외 주식,18090.0,18082.0,0.044243,95.0,0.53,3.3036,110335.0,1997.0,4930.0,2,NAVER_FINANCE_ETF_ITEM_LIST,EXCLUDED_FROM_V1_0_STOCK_RANKING
20261007,476800,KODEX 한국부동산리츠인프라,7,기타,4200.0,4211.0,-0.261221,10.0,0.24,0.2331,410184.0,1721.0,4906.0,2,NAVER_FINANCE_ETF_ITEM_LIST,EXCLUDED_FROM_V1_0_STOCK_RANKING
20261007,251350,KODEX MSCI선진국,4,해외 주식,38085.0,38112.0,-0.070844,5.0,0.01,-10.3206,21291.0,812.0,4875.0,2,NAVER_FINANCE_ETF_ITEM_LIST,EXCLUDED_FROM_V1_0_STOCK_RANKING
20261007,444200,SOL 코리아메가테크액티브,2,국내 업종/테마,43880.0,44144.0,-0.598043,-1930.0,-4.21,-15.8292,13827.0,619.0,4849.0,5,NAVER_FINANCE_ETF_ITEM_LIST,EXCLUDED_FROM_V1_0_STOCK_RANKING
20261007,496080,TIGER 코리아밸류업,1,국내 시장지수,31590.0,31590.0,0.0,-590.0,-1.83,-14.289,114154.0,3628.0,4802.0,5,NAVER_FINANCE_ETF_ITEM_LIST,EXCLUDED_FROM_V1_0_STOCK_RANKING
20261007,483280,KODEX 미국AI테크TOP10타겟커버드콜,4,해외 주식,11975.0,11953.0,0.184054,15.0,0.13,-2.2494,133371.0,1597.0,4730.0,2,NAVER_FINANCE_ETF_ITEM_LIST,EXCLUDED_FROM_V1_0_STOCK_RANKING
20261007,463250,TIGER K방산&우주,2,국내 업종/테마,31725.0,31581.0,0.45597,-1685.0,-5.04,-17.4145,358931.0,11587.0,4711.0,5,NAVER_FINANCE_ETF_ITEM_LIST,EXCLUDED_FROM_V1_0_STOCK_RANKING
20261007,471230,KODEX 국고채10년액티브,6,채권,103975.0,103888.0,0.083744,-70.0,-0.07,-0.1536,5368.0,557.0,4659.0,5,NAVER_FINANCE_ETF_ITEM_LIST,EXCLUDED_FROM_V1_0_STOCK_RANKING
20261007,499660,TIGER CD금리플러스액티브(합성),7,기타,1000915.0,1000913.0,0.0002,375.0,0.04,0.7905,9478.0,9486.0,4559.0,2,NAVER_FINANCE_ETF_ITEM_LIST,EXCLUDED_FROM_V1_0_STOCK_RANKING
20261007,243880,TIGER 200IT레버리지,2,국내 업종/테마,355000.0,354442.0,0.157431,-21810.0,-5.79,-40.6832,68720.0,25264.0,4526.0,5,NAVER_FINANCE_ETF_ITEM_LIST,EXCLUDED_FROM_V1_0_STOCK_RANKING
20261007,490490,SOL 미국배당미국채혼합50,7,기타,10355.0,10367.0,-0.115752,5.0,0.05,-13.7153,150746.0,1563.0,4484.0,2,NAVER_FINANCE_ETF_ITEM_LIST,EXCLUDED_FROM_V1_0_STOCK_RANKING
20261007,447770,TIGER 테슬라채권혼합Fn,7,기타,13950.0,13979.0,-0.207454,0.0,0.0,-4.1815,139261.0,1941.0,4408.0,3,NAVER_FINANCE_ETF_ITEM_LIST,EXCLUDED_FROM_V1_0_STOCK_RANKING
20261007,451060,1Q 200액티브,1,국내 시장지수,34835.0,34834.0,0.002871,-735.0,-2.07,-14.5698,88065.0,3114.0,4389.0,5,NAVER_FINANCE_ETF_ITEM_LIST,EXCLUDED_FROM_V1_0_STOCK_RANKING
20261007,385550,RISE 단기채권알파액티브,6,채권,114390.0,114484.0,-0.082108,20.0,0.02,0.7753,22668.0,2594.0,4330.0,2,NAVER_FINANCE_ETF_ITEM_LIST,EXCLUDED_FROM_V1_0_STOCK_RANKING
20261007,448300,TIGER 미국나스닥100(H),4,해외 주식,24215.0,24222.0,-0.028899,55.0,0.23,4.9618,631139.0,15281.0,4322.0,2,NAVER_FINANCE_ETF_ITEM_LIST,EXCLUDED_FROM_V1_0_STOCK_RANKING
20261007,474220,TIGER 미국테크TOP10타겟커버드콜,4,해외 주식,15065.0,15051.0,0.093017,-20.0,-0.13,-3.0078,56316.0,849.0,4278.0,5,NAVER_FINANCE_ETF_ITEM_LIST,EXCLUDED_FROM_V1_0_STOCK_RANKING
20261007,475300,SOL 반도체전공정,2,국내 업종/테마,26515.0,26487.0,0.105712,-2035.0,-7.13,20.3625,2794963.0,76225.0,4269.0,5,NAVER_FINANCE_ETF_ITEM_LIST,EXCLUDED_FROM_V1_0_STOCK_RANKING
20261007,385560,RISE KIS국고채30년Enhanced,6,채권,51720.0,51705.0,0.029011,120.0,0.23,-1.6257,20128.0,1039.0,4257.0,2,NAVER_FINANCE_ETF_ITEM_LIST,EXCLUDED_FROM_V1_0_STOCK_RANKING
20261007,293180,HANARO 200,1,국내 시장지수,108810.0,108870.0,-0.055112,-2330.0,-2.1,-14.5732,40606.0,4469.0,4244.0,5,NAVER_FINANCE_ETF_ITEM_LIST,EXCLUDED_FROM_V1_0_STOCK_RANKING
20261007,426020,TIME 미국S&P500액티브,4,해외 주식,31915.0,31943.0,-0.087656,-15.0,-0.05,-10.7228,39035.0,1245.0,4066.0,5,NAVER_FINANCE_ETF_ITEM_LIST,EXCLUDED_FROM_V1_0_STOCK_RANKING
20261007,241180,TIGER 일본니케이225,4,해외 주식,36025.0,35930.0,0.264403,-415.0,-1.14,-8.0727,21321.0,769.0,4035.0,5,NAVER_FINANCE_ETF_ITEM_LIST,EXCLUDED_FROM_V1_0_STOCK_RANKING
20261007,480260,TIGER 27-04회사채(A+이상)액티브,6,채권,53965.0,53964.0,0.001853,30.0,0.06,0.8413,3544.0,191.0,3964.0,2,NAVER_FINANCE_ETF_ITEM_LIST,EXCLUDED_FROM_V1_0_STOCK_RANKING
20261007,148070,KIWOOM 국고채10년,6,채권,104770.0,104676.0,0.089801,-40.0,-0.04,-0.1239,11916.0,1247.0,3936.0,5,NAVER_FINANCE_ETF_ITEM_LIST,EXCLUDED_FROM_V1_0_STOCK_RANKING
20261007,474590,WON 반도체밸류체인액티브,2,국내 업종/테마,50375.0,50159.0,0.430631,-1110.0,-2.16,-2.1291,73839.0,3744.0,3904.0,5,NAVER_FINANCE_ETF_ITEM_LIST,EXCLUDED_FROM_V1_0_STOCK_RANKING
20261007,385720,TIME 코스피액티브,1,국내 시장지수,25520.0,25478.0,0.164848,-275.0,-1.07,-14.7977,21135.0,544.0,3879.0,5,NAVER_FINANCE_ETF_ITEM_LIST,EXCLUDED_FROM_V1_0_STOCK_RANKING
20261007,439860,KODEX ESG종합채권(A-이상)액티브,6,채권,113950.0,114004.0,-0.047367,45.0,0.04,0.8142,17.0,1.0,3875.0,2,NAVER_FINANCE_ETF_ITEM_LIST,EXCLUDED_FROM_V1_0_STOCK_RANKING
20261007,302450,RISE 코스피,1,국내 시장지수,70905.0,70858.0,0.06633,-1445.0,-2.0,-12.813,118256.0,8425.0,3864.0,5,NAVER_FINANCE_ETF_ITEM_LIST,EXCLUDED_FROM_V1_0_STOCK_RANKING
20261007,476760,ACE 미국30년국채액티브,6,채권,8110.0,8142.0,-0.393024,-55.0,-0.67,-19.9326,762862.0,6189.0,3804.0,5,NAVER_FINANCE_ETF_ITEM_LIST,EXCLUDED_FROM_V1_0_STOCK_RANKING
20261007,469070,RISE AI&로봇,2,국내 업종/테마,10940.0,10971.0,-0.282563,-545.0,-4.75,5.5121,255669.0,2867.0,3665.0,5,NAVER_FINANCE_ETF_ITEM_LIST,EXCLUDED_FROM_V1_0_STOCK_RANKING
20261007,385510,KODEX 신재생에너지액티브,2,국내 업종/테마,41215.0,41387.0,-0.415589,-1235.0,-2.91,14.8849,113166.0,4753.0,3565.0,5,NAVER_FINANCE_ETF_ITEM_LIST,EXCLUDED_FROM_V1_0_STOCK_RANKING
20261007,310960,TIGER 200TR,1,국내 시장지수,63415.0,63419.0,-0.006307,-1360.0,-2.1,-14.5449,36399.0,2341.0,3551.0,5,NAVER_FINANCE_ETF_ITEM_LIST,EXCLUDED_FROM_V1_0_STOCK_RANKING
20261007,442570,RISE TDF2050액티브 적격,7,기타,17440.0,17357.0,0.478193,-10.0,-0.06,-7.7408,92024.0,1605.0,3549.0,5,NAVER_FINANCE_ETF_ITEM_LIST,EXCLUDED_FROM_V1_0_STOCK_RANKING
20261007,270810,RISE 코스닥150,1,국내 시장지수,15275.0,15301.0,-0.169924,-485.0,-3.08,7.7238,165555.0,2561.0,3541.0,5,NAVER_FINANCE_ETF_ITEM_LIST,EXCLUDED_FROM_V1_0_STOCK_RANKING
20261007,091180,KODEX 자동차,2,국내 업종/테마,25175.0,25192.0,-0.067482,-490.0,-1.91,-20.0797,67804.0,1717.0,3537.0,5,NAVER_FINANCE_ETF_ITEM_LIST,EXCLUDED_FROM_V1_0_STOCK_RANKING
20261007,245710,ACE 베트남VN30(합성),4,해외 주식,27045.0,27409.0,-1.328031,100.0,0.37,-17.0413,19700.0,533.0,3489.0,2,NAVER_FINANCE_ETF_ITEM_LIST,EXCLUDED_FROM_V1_0_STOCK_RANKING
20261007,458250,TIGER 미국30년국채스트립액티브(합성 H),6,채권,30950.0,31189.0,-0.766296,-305.0,-0.98,-14.8366,113710.0,3528.0,3484.0,5,NAVER_FINANCE_ETF_ITEM_LIST,EXCLUDED_FROM_V1_0_STOCK_RANKING
20261007,472170,TIGER 미국테크TOP10채권혼합,7,기타,14165.0,14157.0,0.056509,5.0,0.04,-0.8751,118330.0,1676.0,3478.0,2,NAVER_FINANCE_ETF_ITEM_LIST,EXCLUDED_FROM_V1_0_STOCK_RANKING
20261007,462900,KoAct 바이오헬스케어액티브,2,국내 업종/테마,13210.0,13159.0,0.387567,-95.0,-0.71,-13.3508,889175.0,11789.0,3474.0,5,NAVER_FINANCE_ETF_ITEM_LIST,EXCLUDED_FROM_V1_0_STOCK_RANKING
20261007,279530,KODEX 고배당주,2,국내 업종/테마,17310.0,17344.0,-0.196033,60.0,0.35,-0.6502,195820.0,3406.0,3462.0,2,NAVER_FINANCE_ETF_ITEM_LIST,EXCLUDED_FROM_V1_0_STOCK_RANKING
20261007,484880,SOL 금융지주플러스고배당,2,국내 업종/테마,21880.0,21882.0,-0.00914,25.0,0.11,-2.3716,326220.0,7147.0,3413.0,2,NAVER_FINANCE_ETF_ITEM_LIST,EXCLUDED_FROM_V1_0_STOCK_RANKING
20261007,132030,KODEX 골드선물(H),5,원자재,23130.0,23125.0,0.021622,5.0,0.02,-1.2597,36927.0,857.0,3389.0,2,NAVER_FINANCE_ETF_ITEM_LIST,EXCLUDED_FROM_V1_0_STOCK_RANKING
20261007,448630,RISE 삼성그룹Top3채권혼합,7,기타,15310.0,15342.0,-0.208578,-120.0,-0.78,1.0478,109290.0,1683.0,3292.0,5,NAVER_FINANCE_ETF_ITEM_LIST,EXCLUDED_FROM_V1_0_STOCK_RANKING
20261007,456880,ACE 미국달러SOFR금리(합성),7,기타,11820.0,11813.0,0.059257,-30.0,-0.25,-11.435,37886.0,447.0,3260.0,5,NAVER_FINANCE_ETF_ITEM_LIST,EXCLUDED_FROM_V1_0_STOCK_RANKING
20261007,485540,KODEX 미국AI테크TOP10,4,해외 주식,15860.0,15830.0,0.189514,15.0,0.09,-1.3585,193566.0,3069.0,3180.0,2,NAVER_FINANCE_ETF_ITEM_LIST,EXCLUDED_FROM_V1_0_STOCK_RANKING
20261007,483320,ACE 엔비디아밸류체인액티브,4,해외 주식,26610.0,26574.0,0.135471,-125.0,-0.47,-6.798,44165.0,1178.0,3100.0,5,NAVER_FINANCE_ETF_ITEM_LIST,EXCLUDED_FROM_V1_0_STOCK_RANKING
20261007,489030,PLUS 고배당주위클리커버드콜,2,국내 업종/테마,6230.0,6249.0,-0.304049,25.0,0.4,0.3682,425986.0,2660.0,3087.0,2,NAVER_FINANCE_ETF_ITEM_LIST,EXCLUDED_FROM_V1_0_STOCK_RANKING
20261007,471780,TIGER 코리아테크액티브,2,국내 업종/테마,39500.0,39583.0,-0.209686,-1135.0,-2.79,-5.368,103500.0,4143.0,3077.0,5,NAVER_FINANCE_ETF_ITEM_LIST,EXCLUDED_FROM_V1_0_STOCK_RANKING
20261007,453810,KODEX 인도Nifty50,4,해외 주식,10530.0,10543.0,-0.123305,-60.0,-0.57,-19.4338,78257.0,827.0,3048.0,5,NAVER_FINANCE_ETF_ITEM_LIST,EXCLUDED_FROM_V1_0_STOCK_RANKING
20261007,454780,KIWOOM 종합채권(AA-이상)액티브,6,채권,100180.0,100147.0,0.032952,195.0,0.2,0.3663,18.0,1.0,3037.0,2,NAVER_FINANCE_ETF_ITEM_LIST,EXCLUDED_FROM_V1_0_STOCK_RANKING
20261007,497880,SOL CD금리&머니마켓액티브,6,채권,50075.0,50072.0,0.005991,20.0,0.04,0.9126,81668.0,4089.0,3003.0,2,NAVER_FINANCE_ETF_ITEM_LIST,EXCLUDED_FROM_V1_0_STOCK_RANKING
20261007,481190,SOL 미국테크TOP10,4,해외 주식,17345.0,17308.0,0.213774,30.0,0.17,-1.9259,79465.0,1377.0,3001.0,2,NAVER_FINANCE_ETF_ITEM_LIST,EXCLUDED_FROM_V1_0_STOCK_RANKING
20261007,433330,SOL 미국S&P500,4,해외 주식,21700.0,21668.0,0.147683,40.0,0.18,-8.7858,57564.0,1248.0,2995.0,2,NAVER_FINANCE_ETF_ITEM_LIST,EXCLUDED_FROM_V1_0_STOCK_RANKING
20261007,136340,RISE 중기우량회사채,6,채권,104155.0,104184.0,-0.027835,15.0,0.01,0.656,5247.0,546.0,2980.0,2,NAVER_FINANCE_ETF_ITEM_LIST,EXCLUDED_FROM_V1_0_STOCK_RANKING
20261007,091170,KODEX 은행,2,국내 업종/테마,15725.0,15723.0,0.01272,5.0,0.03,0.1172,586282.0,9232.0,2862.0,2,NAVER_FINANCE_ETF_ITEM_LIST,EXCLUDED_FROM_V1_0_STOCK_RANKING
20261007,475080,KODEX 테슬라커버드콜채권혼합액티브,7,기타,7840.0,7853.0,-0.165542,0.0,0.0,-3.9848,88511.0,694.0,2850.0,3,NAVER_FINANCE_ETF_ITEM_LIST,EXCLUDED_FROM_V1_0_STOCK_RANKING
20261007,471040,KoAct 글로벌AI&로봇액티브,4,해외 주식,30570.0,30681.0,-0.361787,-330.0,-1.07,-13.409,36070.0,1107.0,2812.0,5,NAVER_FINANCE_ETF_ITEM_LIST,EXCLUDED_FROM_V1_0_STOCK_RANKING
20261007,441680,TIGER 미국나스닥100커버드콜(합성),7,기타,10640.0,10652.0,-0.112655,-20.0,-0.19,-7.9204,50241.0,534.0,2804.0,5,NAVER_FINANCE_ETF_ITEM_LIST,EXCLUDED_FROM_V1_0_STOCK_RANKING
20261007,273140,KODEX 단기변동금리부채권액티브,6,채권,114750.0,114741.0,0.007844,40.0,0.03,0.7002,2986.0,342.0,2801.0,2,NAVER_FINANCE_ETF_ITEM_LIST,EXCLUDED_FROM_V1_0_STOCK_RANKING
20261007,461490,RISE 글로벌자산배분액티브,7,기타,14480.0,14491.0,-0.075909,20.0,0.14,-4.2067,47020.0,681.0,2780.0,2,NAVER_FINANCE_ETF_ITEM_LIST,EXCLUDED_FROM_V1_0_STOCK_RANKING
20261007,409820,KODEX 미국나스닥100레버리지(합성 H),4,해외 주식,22225.0,22284.0,-0.264764,95.0,0.43,8.7202,82671.0,1840.0,2745.0,2,NAVER_FINANCE_ETF_ITEM_LIST,EXCLUDED_FROM_V1_0_STOCK_RANKING
20261007,473290,KODEX 26-12 회사채(AA-이상)액티브,6,채권,10905.0,10914.0,-0.082463,0.0,0.0,0.7855,5410.0,59.0,2739.0,3,NAVER_FINANCE_ETF_ITEM_LIST,EXCLUDED_FROM_V1_0_STOCK_RANKING
20261007,421320,PLUS 우주항공,2,국내 업종/테마,28665.0,28608.0,0.199245,-1660.0,-5.47,-2.1617,136045.0,3966.0,2738.0,5,NAVER_FINANCE_ETF_ITEM_LIST,EXCLUDED_FROM_V1_0_STOCK_RANKING
20261007,423170,SOL 글로벌AI반도체탑픽액티브,4,해외 주식,60195.0,60065.0,0.216432,-750.0,-1.23,-12.886,18762.0,1133.0,2733.0,5,NAVER_FINANCE_ETF_ITEM_LIST,EXCLUDED_FROM_V1_0_STOCK_RANKING
20261007,439870,KODEX 국고채30년액티브,6,채권,89095.0,89019.0,0.085375,245.0,0.28,-0.7707,3769.0,335.0,2706.0,2,NAVER_FINANCE_ETF_ITEM_LIST,EXCLUDED_FROM_V1_0_STOCK_RANKING
20261007,388420,RISE 비메모리반도체액티브,2,국내 업종/테마,30725.0,30612.0,0.369136,-1275.0,-3.98,-4.8108,61970.0,1934.0,2698.0,5,NAVER_FINANCE_ETF_ITEM_LIST,EXCLUDED_FROM_V1_0_STOCK_RANKING
20261007,190620,ACE 단기통안채,6,채권,102305.0,102306.0,-0.000977,45.0,0.04,0.6793,61687.0,6311.0,2666.0,2,NAVER_FINANCE_ETF_ITEM_LIST,EXCLUDED_FROM_V1_0_STOCK_RANKING
20261007,213610,KODEX 삼성그룹밸류,2,국내 업종/테마,22245.0,22236.0,0.040475,-210.0,-0.94,-9.6742,10220.0,230.0,2647.0,5,NAVER_FINANCE_ETF_ITEM_LIST,EXCLUDED_FROM_V1_0_STOCK_RANKING
20261007,483340,ACE 구글밸류체인액티브,4,해외 주식,23350.0,23379.0,-0.124043,300.0,1.3,-11.8716,47014.0,1099.0,2627.0,2,NAVER_FINANCE_ETF_ITEM_LIST,EXCLUDED_FROM_V1_0_STOCK_RANKING
20261007,473330,SOL 미국30년국채커버드콜(합성),6,채권,7260.0,7322.0,-0.846763,-55.0,-0.75,-19.3951,214136.0,1556.0,2621.0,5,NAVER_FINANCE_ETF_ITEM_LIST,EXCLUDED_FROM_V1_0_STOCK_RANKING
20261007,123320,TIGER 레버리지,3,국내 파생,108305.0,108020.0,0.26384,-4540.0,-4.02,-36.2908,136130.0,15096.0,2599.0,5,NAVER_FINANCE_ETF_ITEM_LIST,EXCLUDED_FROM_V1_0_STOCK_RANKING
20261007,196230,RISE 단기통안채,6,채권,117210.0,117265.0,-0.046902,10.0,0.01,0.6138,1423.0,166.0,2583.0,2,NAVER_FINANCE_ETF_ITEM_LIST,EXCLUDED_FROM_V1_0_STOCK_RANKING
20261007,364970,TIGER 바이오TOP10,2,국내 업종/테마,6830.0,6847.0,-0.248284,-80.0,-1.16,-1.0738,623079.0,4288.0,2582.0,5,NAVER_FINANCE_ETF_ITEM_LIST,EXCLUDED_FROM_V1_0_STOCK_RANKING
20261007,453870,TIGER 인도니프티50,4,해외 주식,10305.0,10323.0,-0.174368,-90.0,-0.87,-20.1382,46609.0,482.0,2581.0,5,NAVER_FINANCE_ETF_ITEM_LIST,EXCLUDED_FROM_V1_0_STOCK_RANKING
20261007,307520,TIGER 지주회사,2,국내 업종/테마,21595.0,21630.0,-0.161812,-425.0,-1.93,-1.6559,314691.0,6850.0,2581.0,5,NAVER_FINANCE_ETF_ITEM_LIST,EXCLUDED_FROM_V1_0_STOCK_RANKING
20261007,472920,HK 종합채권(AA-이상)액티브,6,채권,98700.0,98649.0,0.051698,225.0,0.23,0.2086,53.0,5.0,2552.0,2,NAVER_FINANCE_ETF_ITEM_LIST,EXCLUDED_FROM_V1_0_STOCK_RANKING
20261007,486830,HANARO 머니마켓액티브,6,채권,53470.0,53470.0,0.0,20.0,0.04,0.8871,1984.0,106.0,2548.0,2,NAVER_FINANCE_ETF_ITEM_LIST,EXCLUDED_FROM_V1_0_STOCK_RANKING
20261007,117700,KODEX 건설,2,국내 업종/테마,6640.0,6647.0,-0.105311,-50.0,-0.75,2.277,1501620.0,10061.0,2490.0,5,NAVER_FINANCE_ETF_ITEM_LIST,EXCLUDED_FROM_V1_0_STOCK_RANKING
20261007,493810,TIGER 미국AI빅테크10타겟데일리커버드콜,4,해외 주식,11545.0,11519.0,0.225714,0.0,0.0,-2.9103,107659.0,1243.0,2453.0,3,NAVER_FINANCE_ETF_ITEM_LIST,EXCLUDED_FROM_V1_0_STOCK_RANKING
20261007,228790,TIGER 화장품,2,국내 업종/테마,4290.0,4293.0,-0.069881,155.0,3.75,11.0067,8292832.0,35362.0,2438.0,2,NAVER_FINANCE_ETF_ITEM_LIST,EXCLUDED_FROM_V1_0_STOCK_RANKING
20261007,363580,KODEX 200IT TR,2,국내 업종/테마,58305.0,58181.0,0.213128,-1760.0,-2.93,-12.1215,47859.0,2831.0,2420.0,5,NAVER_FINANCE_ETF_ITEM_LIST,EXCLUDED_FROM_V1_0_STOCK_RANKING
20261007,495230,KoAct 코리아밸류업액티브,1,국내 시장지수,31005.0,31019.0,-0.045134,-595.0,-1.88,-14.6839,26710.0,837.0,2403.0,5,NAVER_FINANCE_ETF_ITEM_LIST,EXCLUDED_FROM_V1_0_STOCK_RANKING
20261007,422420,RISE 2차전지액티브,2,국내 업종/테마,7210.0,7223.0,-0.179981,-200.0,-2.7,12.0996,136385.0,989.0,2361.0,5,NAVER_FINANCE_ETF_ITEM_LIST,EXCLUDED_FROM_V1_0_STOCK_RANKING
20261007,139230,TIGER 200 중공업,2,국내 업종/테마,12050.0,12056.0,-0.049768,-465.0,-3.72,-16.332,58381.0,715.0,2357.0,5,NAVER_FINANCE_ETF_ITEM_LIST,EXCLUDED_FROM_V1_0_STOCK_RANKING
20261007,472160,TIGER 미국테크TOP10 INDXX(H),4,해외 주식,19995.0,19989.0,0.030017,80.0,0.4,10.7619,218335.0,4369.0,2339.0,2,NAVER_FINANCE_ETF_ITEM_LIST,EXCLUDED_FROM_V1_0_STOCK_RANKING
20261007,329650,KODEX TRF3070,7,기타,13990.0,14036.0,-0.327729,10.0,0.07,-3.1717,33986.0,475.0,2308.0,2,NAVER_FINANCE_ETF_ITEM_LIST,EXCLUDED_FROM_V1_0_STOCK_RANKING
20261007,283580,KODEX 차이나CSI300,4,해외 주식,13975.0,14112.0,-0.970805,-65.0,-0.46,-19.9835,61918.0,866.0,2306.0,5,NAVER_FINANCE_ETF_ITEM_LIST,EXCLUDED_FROM_V1_0_STOCK_RANKING
20261007,363570,KODEX 장기종합채권(AA-이상)액티브,6,채권,87365.0,87252.0,0.12951,380.0,0.44,-0.3666,53.0,4.0,2274.0,2,NAVER_FINANCE_ETF_ITEM_LIST,EXCLUDED_FROM_V1_0_STOCK_RANKING
20261007,498270,KIWOOM 미국양자컴퓨팅,4,해외 주식,14800.0,14840.0,-0.269542,-30.0,-0.2,-13.2116,42775.0,634.0,2227.0,5,NAVER_FINANCE_ETF_ITEM_LIST,EXCLUDED_FROM_V1_0_STOCK_RANKING
20261007,244580,KODEX 바이오,2,국내 업종/테마,8440.0,8446.0,-0.07104,-100.0,-1.17,-1.8955,556717.0,4745.0,2215.0,5,NAVER_FINANCE_ETF_ITEM_LIST,EXCLUDED_FROM_V1_0_STOCK_RANKING
20261007,442320,RISE 글로벌원자력,4,해외 주식,35120.0,35426.0,-0.863772,650.0,1.89,-11.5791,16425.0,584.0,2199.0,2,NAVER_FINANCE_ETF_ITEM_LIST,EXCLUDED_FROM_V1_0_STOCK_RANKING
20261007,490090,TIGER 미국AI빅테크10,4,해외 주식,16360.0,16329.0,0.189846,10.0,0.06,-2.0372,62614.0,1024.0,2168.0,2,NAVER_FINANCE_ETF_ITEM_LIST,EXCLUDED_FROM_V1_0_STOCK_RANKING
20261007,458260,TIGER 미국투자등급회사채액티브(H),6,채권,44545.0,44614.0,-0.15466,45.0,0.1,-5.1638,2674.0,119.0,2165.0,2,NAVER_FINANCE_ETF_ITEM_LIST,EXCLUDED_FROM_V1_0_STOCK_RANKING
20261007,452360,SOL 미국배당다우존스(H),4,해외 주식,12880.0,12886.0,-0.046562,40.0,0.31,1.3086,104040.0,1337.0,2164.0,2,NAVER_FINANCE_ETF_ITEM_LIST,EXCLUDED_FROM_V1_0_STOCK_RANKING
20261007,463050,TIME K바이오액티브,2,국내 업종/테마,11715.0,11775.0,-0.509554,-285.0,-2.37,-10.5479,393471.0,4693.0,2161.0,5,NAVER_FINANCE_ETF_ITEM_LIST,EXCLUDED_FROM_V1_0_STOCK_RANKING
20261007,433500,ACE 원자력TOP10,2,국내 업종/테마,55300.0,55644.0,-0.618216,-1395.0,-2.46,0.8,108107.0,6145.0,2157.0,5,NAVER_FINANCE_ETF_ITEM_LIST,EXCLUDED_FROM_V1_0_STOCK_RANKING
20261007,271050,KODEX WTI원유선물인버스(H),5,원자재,1772.0,1773.0,-0.056402,-24.0,-1.34,-29.4303,1995205.0,3532.0,2133.0,5,NAVER_FINANCE_ETF_ITEM_LIST,EXCLUDED_FROM_V1_0_STOCK_RANKING
20261007,448540,ACE 엔비디아채권혼합,7,기타,26985.0,26970.0,0.055617,-45.0,-0.17,3.1089,105158.0,2840.0,2132.0,5,NAVER_FINANCE_ETF_ITEM_LIST,EXCLUDED_FROM_V1_0_STOCK_RANKING
20261007,437080,KODEX 미국종합채권ESG액티브(H),6,채권,93925.0,94034.0,-0.115916,-20.0,-0.02,-3.8253,8424.0,791.0,2131.0,5,NAVER_FINANCE_ETF_ITEM_LIST,EXCLUDED_FROM_V1_0_STOCK_RANKING
20261007,486450,SOL 미국AI전력인프라,4,해외 주식,19435.0,19544.0,-0.557716,625.0,3.32,-20.5156,111331.0,2162.0,2128.0,2,NAVER_FINANCE_ETF_ITEM_LIST,EXCLUDED_FROM_V1_0_STOCK_RANKING
20261007,488980,SOL 26-12 회사채(AA-이상)액티브,6,채권,52295.0,52292.0,0.005737,25.0,0.05,0.81,61.0,3.0,2122.0,2,NAVER_FINANCE_ETF_ITEM_LIST,EXCLUDED_FROM_V1_0_STOCK_RANKING
20261007,305080,TIGER 미국채10년선물,6,채권,11525.0,11522.0,0.026037,-40.0,-0.35,-16.1349,78887.0,908.0,2109.0,5,NAVER_FINANCE_ETF_ITEM_LIST,EXCLUDED_FROM_V1_0_STOCK_RANKING
20261007,480040,ACE 미국반도체데일리타겟커버드콜(합성),4,해외 주식,15325.0,15278.0,0.307632,-45.0,-0.29,-14.3847,260967.0,4007.0,2084.0,5,NAVER_FINANCE_ETF_ITEM_LIST,EXCLUDED_FROM_V1_0_STOCK_RANKING
20261007,266160,RISE 고배당,2,국내 업종/테마,32695.0,32553.0,0.436212,-420.0,-1.27,-13.7004,33496.0,1096.0,2076.0,5,NAVER_FINANCE_ETF_ITEM_LIST,EXCLUDED_FROM_V1_0_STOCK_RANKING
20261007,478150,TIME 글로벌우주테크&방산액티브,4,해외 주식,17400.0,17460.0,-0.343643,-90.0,-0.51,-26.3114,43186.0,751.0,2071.0,5,NAVER_FINANCE_ETF_ITEM_LIST,EXCLUDED_FROM_V1_0_STOCK_RANKING
20261007,332930,HANARO 200TR,1,국내 시장지수,142500.0,142519.0,-0.013332,-2785.0,-1.92,-14.8189,532.0,76.0,2066.0,5,NAVER_FINANCE_ETF_ITEM_LIST,EXCLUDED_FROM_V1_0_STOCK_RANKING
20261007,157500,TIGER 증권,2,국내 업종/테마,11575.0,11646.0,-0.609651,-295.0,-2.49,-25.7412,240715.0,2823.0,2051.0,5,NAVER_FINANCE_ETF_ITEM_LIST,EXCLUDED_FROM_V1_0_STOCK_RANKING
20261007,412570,TIGER 2차전지TOP10레버리지,2,국내 업종/테마,1304.0,1313.0,-0.685453,-46.0,-3.41,14.4067,7695966.0,10162.0,1980.0,5,NAVER_FINANCE_ETF_ITEM_LIST,EXCLUDED_FROM_V1_0_STOCK_RANKING
20261007,302190,TIGER 중장기국채,6,채권,50180.0,50164.0,0.031895,10.0,0.02,0.1897,749.0,37.0,1957.0,2,NAVER_FINANCE_ETF_ITEM_LIST,EXCLUDED_FROM_V1_0_STOCK_RANKING
20261007,261260,KODEX 미국달러선물인버스2X,7,기타,5655.0,5670.0,-0.26455,25.0,0.44,29.4252,74000.0,419.0,1949.0,2,NAVER_FINANCE_ETF_ITEM_LIST,EXCLUDED_FROM_V1_0_STOCK_RANKING
20261007,433980,KODEX TDF2040액티브 적격,7,기타,15755.0,15701.0,0.343927,0.0,0.0,-6.3252,38464.0,605.0,1938.0,3,NAVER_FINANCE_ETF_ITEM_LIST,EXCLUDED_FROM_V1_0_STOCK_RANKING
20261007,233160,TIGER 코스닥150 레버리지,3,국내 파생,9060.0,9047.0,0.143694,-570.0,-5.92,3.4371,1657343.0,15448.0,1930.0,5,NAVER_FINANCE_ETF_ITEM_LIST,EXCLUDED_FROM_V1_0_STOCK_RANKING
20261007,267770,TIGER 200선물레버리지,3,국내 파생,82160.0,82036.0,0.151153,-3450.0,-4.03,-36.679,54126.0,4562.0,1890.0,5,NAVER_FINANCE_ETF_ITEM_LIST,EXCLUDED_FROM_V1_0_STOCK_RANKING
20261007,494330,ACE 라이프자산주주가치액티브,2,국내 업종/테마,33125.0,33023.0,0.308876,140.0,0.42,0.244,11712.0,387.0,1888.0,2,NAVER_FINANCE_ETF_ITEM_LIST,EXCLUDED_FROM_V1_0_STOCK_RANKING
20261007,494220,UNICORN SK하이닉스밸류체인액티브,2,국내 업종/테마,53515.0,53418.0,0.181587,-1585.0,-2.88,-2.4779,67131.0,3625.0,1873.0,5,NAVER_FINANCE_ETF_ITEM_LIST,EXCLUDED_FROM_V1_0_STOCK_RANKING
20261007,461950,KODEX 2차전지핵심소재10,2,국내 업종/테마,5220.0,5240.0,-0.381679,-205.0,-3.78,12.5834,1963311.0,10359.0,1861.0,5,NAVER_FINANCE_ETF_ITEM_LIST,EXCLUDED_FROM_V1_0_STOCK_RANKING
20261007,495060,TIME 코리아밸류업액티브,1,국내 시장지수,27910.0,27964.0,-0.193105,-555.0,-1.95,-20.7104,52692.0,1489.0,1856.0,5,NAVER_FINANCE_ETF_ITEM_LIST,EXCLUDED_FROM_V1_0_STOCK_RANKING
20261007,473460,KODEX 미국서학개미,4,해외 주식,24400.0,24413.0,-0.05325,-60.0,-0.25,-5.8931,23510.0,573.0,1854.0,5,NAVER_FINANCE_ETF_ITEM_LIST,EXCLUDED_FROM_V1_0_STOCK_RANKING
20261007,495550,SOL 코리아밸류업TR,1,국내 시장지수,32425.0,32281.0,0.446083,-530.0,-1.61,-14.4582,3924.0,128.0,1848.0,5,NAVER_FINANCE_ETF_ITEM_LIST,EXCLUDED_FROM_V1_0_STOCK_RANKING
20261007,476450,KIWOOM 머니마켓액티브,6,채권,52960.0,52961.0,-0.001888,25.0,0.05,0.8477,931.0,49.0,1831.0,2,NAVER_FINANCE_ETF_ITEM_LIST,EXCLUDED_FROM_V1_0_STOCK_RANKING
20261007,480020,ACE 미국빅테크7+데일리타겟커버드콜(합성),4,해외 주식,10180.0,10125.0,0.54321,80.0,0.79,-8.0933,378244.0,3836.0,1822.0,2,NAVER_FINANCE_ETF_ITEM_LIST,EXCLUDED_FROM_V1_0_STOCK_RANKING
20261007,466930,SOL 자동차TOP3플러스,2,국내 업종/테마,23055.0,23046.0,0.039052,-745.0,-3.13,-23.0645,122924.0,2862.0,1787.0,5,NAVER_FINANCE_ETF_ITEM_LIST,EXCLUDED_FROM_V1_0_STOCK_RANKING
20261007,429000,TIGER 미국S&P500배당귀족,4,해외 주식,12400.0,12406.0,-0.048364,0.0,0.0,-17.0999,60605.0,751.0,1786.0,3,NAVER_FINANCE_ETF_ITEM_LIST,EXCLUDED_FROM_V1_0_STOCK_RANKING
20261007,414780,TIGER 차이나과창판STAR50(합성),4,해외 주식,12425.0,12574.0,-1.184985,-25.0,-0.2,-32.6481,16436.0,204.0,1777.0,5,NAVER_FINANCE_ETF_ITEM_LIST,EXCLUDED_FROM_V1_0_STOCK_RANKING
20261007,332500,ACE 200TR,1,국내 시장지수,73125.0,73033.0,0.12597,-1445.0,-1.94,-14.5868,49831.0,3692.0,1755.0,5,NAVER_FINANCE_ETF_ITEM_LIST,EXCLUDED_FROM_V1_0_STOCK_RANKING
20261007,122090,PLUS 코스피50,1,국내 시장지수,81820.0,81446.0,0.4592,-1710.0,-2.05,-16.3166,17068.0,1410.0,1743.0,5,NAVER_FINANCE_ETF_ITEM_LIST,EXCLUDED_FROM_V1_0_STOCK_RANKING
20261007,483290,KODEX 미국배당다우존스타겟커버드콜,4,해외 주식,9480.0,9480.0,0.0,-40.0,-0.42,-11.2934,103432.0,980.0,1687.0,5,NAVER_FINANCE_ETF_ITEM_LIST,EXCLUDED_FROM_V1_0_STOCK_RANKING
20261007,403790,MIDAS 코스피액티브,1,국내 시장지수,57590.0,57544.0,0.079939,-860.0,-1.47,-13.2532,125.0,7.0,1685.0,5,NAVER_FINANCE_ETF_ITEM_LIST,EXCLUDED_FROM_V1_0_STOCK_RANKING
20261007,272560,RISE 단기국공채액티브,6,채권,115145.0,115150.0,-0.004342,80.0,0.07,0.7177,3695.0,425.0,1678.0,2,NAVER_FINANCE_ETF_ITEM_LIST,EXCLUDED_FROM_V1_0_STOCK_RANKING
20261007,354500,ACE 코스닥150,1,국내 시장지수,15520.0,15546.0,-0.167246,-480.0,-3.0,7.6716,179429.0,2816.0,1661.0,5,NAVER_FINANCE_ETF_ITEM_LIST,EXCLUDED_FROM_V1_0_STOCK_RANKING
20261007,488720,WON 종합채권(AA-이상)액티브,7,기타,48905.0,48939.0,-0.069474,-5.0,-0.01,0.4827,18.0,0.0,1656.0,5,NAVER_FINANCE_ETF_ITEM_LIST,EXCLUDED_FROM_V1_0_STOCK_RANKING
20261007,438560,SOL 국고채3년,6,채권,100655.0,100669.0,-0.013907,10.0,0.01,0.5896,1440.0,144.0,1643.0,2,NAVER_FINANCE_ETF_ITEM_LIST,EXCLUDED_FROM_V1_0_STOCK_RANKING
20261007,337160,KODEX 200ESG,2,국내 업종/테마,47710.0,47678.0,0.067117,-645.0,-1.33,-15.0251,4247.0,205.0,1622.0,5,NAVER_FINANCE_ETF_ITEM_LIST,EXCLUDED_FROM_V1_0_STOCK_RANKING
20261007,237370,KODEX 코리아배당성장채권혼합,7,기타,15540.0,15562.0,-0.14137,-10.0,-0.06,-1.7007,411592.0,6405.0,1616.0,5,NAVER_FINANCE_ETF_ITEM_LIST,EXCLUDED_FROM_V1_0_STOCK_RANKING
20261007,480030,ACE 미국500데일리타겟커버드콜(합성),4,해외 주식,9620.0,9592.0,0.29191,-65.0,-0.67,-10.083,120116.0,1155.0,1616.0,5,NAVER_FINANCE_ETF_ITEM_LIST,EXCLUDED_FROM_V1_0_STOCK_RANKING
20261007,471760,TIGER AI반도체핵심공정,2,국내 업종/테마,16790.0,16819.0,-0.172424,-950.0,-5.36,12.6349,1748516.0,30010.0,1587.0,5,NAVER_FINANCE_ETF_ITEM_LIST,EXCLUDED_FROM_V1_0_STOCK_RANKING
20261007,490600,RISE 미국배당100데일리고정커버드콜,4,해외 주식,8350.0,8348.0,0.023958,-5.0,-0.06,-11.9223,112727.0,940.0,1578.0,5,NAVER_FINANCE_ETF_ITEM_LIST,EXCLUDED_FROM_V1_0_STOCK_RANKING
20261007,491820,HANARO 전력설비투자,2,국내 업종/테마,42735.0,42559.0,0.413544,-2230.0,-4.96,-5.9507,153265.0,6824.0,1560.0,5,NAVER_FINANCE_ETF_ITEM_LIST,EXCLUDED_FROM_V1_0_STOCK_RANKING
20261007,457990,PLUS 태양광&ESS,2,국내 업종/테마,39155.0,39090.0,0.166283,-1045.0,-2.6,18.847,557831.0,22088.0,1547.0,5,NAVER_FINANCE_ETF_ITEM_LIST,EXCLUDED_FROM_V1_0_STOCK_RANKING
20261007,152870,파워 200,1,국내 시장지수,109565.0,109553.0,0.010954,-2235.0,-2.0,-14.6758,318.0,35.0,1534.0,5,NAVER_FINANCE_ETF_ITEM_LIST,EXCLUDED_FROM_V1_0_STOCK_RANKING
20261007,160580,TIGER 구리실물,5,원자재,15900.0,15948.0,-0.300978,-20.0,-0.13,-4.7278,39185.0,624.0,1530.0,5,NAVER_FINANCE_ETF_ITEM_LIST,EXCLUDED_FROM_V1_0_STOCK_RANKING
20261007,200250,KIWOOM 인도Nifty50(합성),4,해외 주식,19305.0,19343.0,-0.196453,-110.0,-0.57,-19.723,5156.0,99.0,1525.0,5,NAVER_FINANCE_ETF_ITEM_LIST,EXCLUDED_FROM_V1_0_STOCK_RANKING
20261007,394670,TIGER 글로벌리튬&2차전지SOLACTIVE(합성),4,해외 주식,10440.0,10496.0,-0.533537,-45.0,-0.43,-17.8292,11046.0,115.0,1524.0,5,NAVER_FINANCE_ETF_ITEM_LIST,EXCLUDED_FROM_V1_0_STOCK_RANKING
20261007,472870,RISE 미국30년국채엔화노출(합성 H),6,채권,6265.0,6277.0,-0.191174,-40.0,-0.63,-19.1033,156196.0,977.0,1519.0,5,NAVER_FINANCE_ETF_ITEM_LIST,EXCLUDED_FROM_V1_0_STOCK_RANKING
20261007,219480,KODEX 미국S&P500선물(H),4,해외 주식,33670.0,33676.0,-0.017817,135.0,0.4,3.503,4992.0,168.0,1498.0,2,NAVER_FINANCE_ETF_ITEM_LIST,EXCLUDED_FROM_V1_0_STOCK_RANKING
20261007,458210,KIWOOM CD금리액티브(합성),7,기타,110960.0,110916.0,0.03967,60.0,0.05,0.7403,2107.0,233.0,1490.0,2,NAVER_FINANCE_ETF_ITEM_LIST,EXCLUDED_FROM_V1_0_STOCK_RANKING
20261007,491610,1Q CD금리액티브(합성),6,채권,105205.0,105171.0,0.032328,40.0,0.04,0.752,3322.0,349.0,1455.0,2,NAVER_FINANCE_ETF_ITEM_LIST,EXCLUDED_FROM_V1_0_STOCK_RANKING
20261007,138520,TIGER 삼성그룹,2,국내 업종/테마,35980.0,36055.0,-0.208016,-575.0,-1.57,-10.3825,14841.0,538.0,1454.0,5,NAVER_FINANCE_ETF_ITEM_LIST,EXCLUDED_FROM_V1_0_STOCK_RANKING
20261007,481180,SOL 미국AI소프트웨어,4,해외 주식,16825.0,16862.0,-0.219428,55.0,0.33,7.4311,55996.0,943.0,1447.0,2,NAVER_FINANCE_ETF_ITEM_LIST,EXCLUDED_FROM_V1_0_STOCK_RANKING
20261007,475310,SOL 반도체후공정,2,국내 업종/테마,32870.0,32901.0,-0.094222,-1550.0,-4.5,27.1988,1062573.0,35424.0,1446.0,5,NAVER_FINANCE_ETF_ITEM_LIST,EXCLUDED_FROM_V1_0_STOCK_RANKING
20261007,143860,TIGER 헬스케어,2,국내 업종/테마,36090.0,36069.0,0.058222,-195.0,-0.54,-4.576,10822.0,391.0,1436.0,5,NAVER_FINANCE_ETF_ITEM_LIST,EXCLUDED_FROM_V1_0_STOCK_RANKING
20261007,498180,파워 종합채권(AA-이상)액티브,6,채권,93805.0,93853.0,-0.051144,0.0,0.0,0.128,0.0,0.0,1411.0,3,NAVER_FINANCE_ETF_ITEM_LIST,EXCLUDED_FROM_V1_0_STOCK_RANKING
20261007,476030,SOL 미국나스닥100,4,해외 주식,17560.0,17544.0,0.091199,5.0,0.03,-7.4496,33264.0,584.0,1387.0,2,NAVER_FINANCE_ETF_ITEM_LIST,EXCLUDED_FROM_V1_0_STOCK_RANKING
20261007,495330,1Q 코리아밸류업,1,국내 시장지수,31495.0,31353.0,0.452907,-430.0,-1.35,-14.747,3402.0,107.0,1354.0,5,NAVER_FINANCE_ETF_ITEM_LIST,EXCLUDED_FROM_V1_0_STOCK_RANKING
20261007,245340,TIGER 미국다우존스30,4,해외 주식,33540.0,33565.0,-0.074482,-30.0,-0.09,-14.9538,14395.0,483.0,1348.0,5,NAVER_FINANCE_ETF_ITEM_LIST,EXCLUDED_FROM_V1_0_STOCK_RANKING
20261007,463680,KODEX 미국S&P500테크놀로지,4,해외 주식,23265.0,23392.0,-0.542921,-60.0,-0.26,-4.0017,23195.0,543.0,1338.0,5,NAVER_FINANCE_ETF_ITEM_LIST,EXCLUDED_FROM_V1_0_STOCK_RANKING
20261007,411420,KODEX 미국나스닥AI테크액티브,4,해외 주식,27740.0,27741.0,-0.003605,50.0,0.18,-3.9723,9475.0,263.0,1318.0,2,NAVER_FINANCE_ETF_ITEM_LIST,EXCLUDED_FROM_V1_0_STOCK_RANKING
20261007,251340,KODEX 코스닥150선물인버스,3,국내 파생,2185.0,2199.0,-0.636653,65.0,3.07,-15.2,35420427.0,76371.0,1283.0,2,NAVER_FINANCE_ETF_ITEM_LIST,EXCLUDED_FROM_V1_0_STOCK_RANKING
20261007,139220,TIGER 200 건설,2,국내 업종/테마,7500.0,7515.0,-0.199601,-80.0,-1.06,-6.0137,263919.0,2001.0,1281.0,5,NAVER_FINANCE_ETF_ITEM_LIST,EXCLUDED_FROM_V1_0_STOCK_RANKING
20261007,461500,HANARO 종합채권(AA-이상)액티브,6,채권,105560.0,105627.0,-0.063431,65.0,0.06,0.0426,97.0,10.0,1273.0,2,NAVER_FINANCE_ETF_ITEM_LIST,EXCLUDED_FROM_V1_0_STOCK_RANKING
20261007,325010,KODEX 성장주,2,국내 업종/테마,43665.0,43760.0,-0.217093,-1030.0,-2.3,-12.7988,453.0,20.0,1266.0,5,NAVER_FINANCE_ETF_ITEM_LIST,EXCLUDED_FROM_V1_0_STOCK_RANKING
20261007,463290,1Q 단기금융채액티브,6,채권,109620.0,109618.0,0.001825,40.0,0.04,0.8142,4660.0,510.0,1264.0,2,NAVER_FINANCE_ETF_ITEM_LIST,EXCLUDED_FROM_V1_0_STOCK_RANKING
20261007,447620,SOL 미국TOP5채권혼합50,7,기타,15965.0,15924.0,0.257473,10.0,0.06,0.3774,71363.0,1139.0,1261.0,2,NAVER_FINANCE_ETF_ITEM_LIST,EXCLUDED_FROM_V1_0_STOCK_RANKING
20261007,377990,TIGER Fn신재생에너지,2,국내 업종/테마,25225.0,25252.0,-0.106922,-955.0,-3.65,3.4887,112004.0,2911.0,1236.0,5,NAVER_FINANCE_ETF_ITEM_LIST,EXCLUDED_FROM_V1_0_STOCK_RANKING
20261007,448100,WON 200,1,국내 시장지수,111110.0,111101.0,0.008101,-2115.0,-1.87,-15.3063,62377.0,7048.0,1222.0,5,NAVER_FINANCE_ETF_ITEM_LIST,EXCLUDED_FROM_V1_0_STOCK_RANKING
20261007,469170,ACE 포스코그룹포커스,2,국내 업종/테마,5955.0,5963.0,-0.134161,-185.0,-3.01,11.4492,412014.0,2467.0,1212.0,5,NAVER_FINANCE_ETF_ITEM_LIST,EXCLUDED_FROM_V1_0_STOCK_RANKING
20261007,304660,KODEX 미국30년국채울트라선물(H),6,채권,6810.0,6813.0,-0.044033,-15.0,-0.22,-9.1817,21499.0,146.0,1199.0,5,NAVER_FINANCE_ETF_ITEM_LIST,EXCLUDED_FROM_V1_0_STOCK_RANKING
20261007,328370,PLUS 코스피TR,1,국내 시장지수,38590.0,38400.0,0.494792,-445.0,-1.14,-13.6394,33.0,1.0,1196.0,5,NAVER_FINANCE_ETF_ITEM_LIST,EXCLUDED_FROM_V1_0_STOCK_RANKING
20261007,438570,SOL 국고채10년,6,채권,98380.0,98331.0,0.049832,0.0,0.0,-0.2535,132.0,12.0,1188.0,3,NAVER_FINANCE_ETF_ITEM_LIST,EXCLUDED_FROM_V1_0_STOCK_RANKING
20261007,399110,SOL 미국S&P500ESG,4,해외 주식,20530.0,20553.0,-0.111906,-95.0,-0.46,-8.4608,8703.0,179.0,1170.0,5,NAVER_FINANCE_ETF_ITEM_LIST,EXCLUDED_FROM_V1_0_STOCK_RANKING
20261007,192090,TIGER 차이나CSI300,4,해외 주식,11415.0,11521.0,-0.920059,-60.0,-0.52,-20.8621,20319.0,232.0,1170.0,5,NAVER_FINANCE_ETF_ITEM_LIST,EXCLUDED_FROM_V1_0_STOCK_RANKING
20261007,332940,HANARO MSCI Korea TR,1,국내 시장지수,48690.0,48470.0,0.453889,-460.0,-0.94,-15.6875,8114.0,399.0,1169.0,5,NAVER_FINANCE_ETF_ITEM_LIST,EXCLUDED_FROM_V1_0_STOCK_RANKING
20261007,304940,KODEX 미국나스닥100선물(H),4,해외 주식,34220.0,34260.0,-0.116754,30.0,0.09,4.9577,23285.0,797.0,1163.0,2,NAVER_FINANCE_ETF_ITEM_LIST,EXCLUDED_FROM_V1_0_STOCK_RANKING
20261007,491230,PLUS 국공채머니마켓액티브,6,채권,52665.0,52659.0,0.011394,25.0,0.05,0.8042,1528.0,80.0,1162.0,2,NAVER_FINANCE_ETF_ITEM_LIST,EXCLUDED_FROM_V1_0_STOCK_RANKING
20261007,326240,RISE IT플러스,2,국내 업종/테마,46300.0,46358.0,-0.125113,-1180.0,-2.49,-5.8777,5384.0,252.0,1158.0,5,NAVER_FINANCE_ETF_ITEM_LIST,EXCLUDED_FROM_V1_0_STOCK_RANKING
20261007,114820,TIGER 국채3년,6,채권,105300.0,105315.0,-0.014243,-15.0,-0.01,0.5537,20954.0,2206.0,1151.0,5,NAVER_FINANCE_ETF_ITEM_LIST,EXCLUDED_FROM_V1_0_STOCK_RANKING
20261007,455860,SOL 2차전지소부장Fn,2,국내 업종/테마,4760.0,4776.0,-0.335008,-145.0,-2.96,9.0,1022302.0,4913.0,1142.0,5,NAVER_FINANCE_ETF_ITEM_LIST,EXCLUDED_FROM_V1_0_STOCK_RANKING
20261007,266370,KODEX IT,2,국내 업종/테마,73520.0,73214.0,0.417953,-2475.0,-3.26,-7.7227,13383.0,998.0,1140.0,5,NAVER_FINANCE_ETF_ITEM_LIST,EXCLUDED_FROM_V1_0_STOCK_RANKING
20261007,182480,TIGER 미국MSCI리츠(합성 H),7,기타,12745.0,12880.0,-1.048137,105.0,0.83,-10.0163,5490.0,69.0,1122.0,2,NAVER_FINANCE_ETF_ITEM_LIST,EXCLUDED_FROM_V1_0_STOCK_RANKING
20261007,319640,TIGER 골드선물(H),4,해외 주식,24215.0,24218.0,-0.012387,5.0,0.02,-1.785,7673.0,186.0,1114.0,2,NAVER_FINANCE_ETF_ITEM_LIST,EXCLUDED_FROM_V1_0_STOCK_RANKING
20261007,476850,KoAct 배당성장액티브,1,국내 시장지수,21795.0,21701.0,0.43316,-180.0,-0.82,-9.6023,47740.0,1044.0,1090.0,5,NAVER_FINANCE_ETF_ITEM_LIST,EXCLUDED_FROM_V1_0_STOCK_RANKING
20261007,367770,RISE 수소경제테마,2,국내 업종/테마,21300.0,21305.0,-0.023469,-815.0,-3.69,-9.6056,58765.0,1285.0,1086.0,5,NAVER_FINANCE_ETF_ITEM_LIST,EXCLUDED_FROM_V1_0_STOCK_RANKING
20261007,488500,TIGER 미국S&P500동일가중,4,해외 주식,11995.0,12004.0,-0.074975,5.0,0.04,-13.9132,29954.0,359.0,1086.0,2,NAVER_FINANCE_ETF_ITEM_LIST,EXCLUDED_FROM_V1_0_STOCK_RANKING
20261007,309230,ACE 미국WideMoat동일가중,4,해외 주식,29100.0,29207.0,-0.366351,-50.0,-0.17,-11.3725,3122.0,90.0,1071.0,5,NAVER_FINANCE_ETF_ITEM_LIST,EXCLUDED_FROM_V1_0_STOCK_RANKING
20261007,465610,ACE 미국빅테크TOP7 Plus레버리지(합성),4,해외 주식,44430.0,44461.0,-0.069724,175.0,0.4,-1.6775,3407.0,151.0,1066.0,2,NAVER_FINANCE_ETF_ITEM_LIST,EXCLUDED_FROM_V1_0_STOCK_RANKING
20261007,496090,KIWOOM 코리아밸류업,1,국내 시장지수,31725.0,31593.0,0.417814,-490.0,-1.52,-14.4261,241.0,7.0,1047.0,5,NAVER_FINANCE_ETF_ITEM_LIST,EXCLUDED_FROM_V1_0_STOCK_RANKING
20261007,464310,TIGER 글로벌AI&로보틱스 INDXX,4,해외 주식,13380.0,13390.0,-0.074683,-165.0,-1.22,-17.9837,8615.0,115.0,1044.0,5,NAVER_FINANCE_ETF_ITEM_LIST,EXCLUDED_FROM_V1_0_STOCK_RANKING
20261007,475050,ACE KPOP포커스,2,국내 업종/테마,6810.0,6810.0,0.0,180.0,2.71,-15.7561,1584458.0,10820.0,1039.0,2,NAVER_FINANCE_ETF_ITEM_LIST,EXCLUDED_FROM_V1_0_STOCK_RANKING
20261007,464930,TIGER 글로벌혁신블루칩TOP10,4,해외 주식,20530.0,20558.0,-0.1362,-320.0,-1.53,-6.8157,2506.0,51.0,1027.0,5,NAVER_FINANCE_ETF_ITEM_LIST,EXCLUDED_FROM_V1_0_STOCK_RANKING
20261007,203780,TIGER 미국나스닥바이오,4,해외 주식,33400.0,33302.0,0.294277,-910.0,-2.65,-9.6035,17640.0,587.0,1015.0,5,NAVER_FINANCE_ETF_ITEM_LIST,EXCLUDED_FROM_V1_0_STOCK_RANKING
20261007,372330,KODEX 차이나항셍테크,4,해외 주식,6100.0,6107.0,-0.114623,-60.0,-0.97,-18.201,52556.0,321.0,1003.0,5,NAVER_FINANCE_ETF_ITEM_LIST,EXCLUDED_FROM_V1_0_STOCK_RANKING
20261007,451530,TIGER 국고채30년스트립액티브,6,채권,36075.0,35881.0,0.540676,235.0,0.66,-2.8332,32334.0,1163.0,999.0,2,NAVER_FINANCE_ETF_ITEM_LIST,EXCLUDED_FROM_V1_0_STOCK_RANKING
20261007,458030,WON 국공채머니마켓액티브,6,채권,55210.0,55214.0,-0.007245,20.0,0.04,0.7668,215.0,11.0,998.0,2,NAVER_FINANCE_ETF_ITEM_LIST,EXCLUDED_FROM_V1_0_STOCK_RANKING
20261007,394660,TIGER 글로벌자율주행&전기차SOLACTIVE,4,해외 주식,15000.0,15117.0,-0.773963,0.0,0.0,-21.0942,2806.0,42.0,984.0,3,NAVER_FINANCE_ETF_ITEM_LIST,EXCLUDED_FROM_V1_0_STOCK_RANKING
20261007,486240,DAISHIN AI반도체&인프라액티브,2,국내 업종/테마,31435.0,31286.0,0.476251,-790.0,-2.45,-5.3598,1680.0,52.0,974.0,5,NAVER_FINANCE_ETF_ITEM_LIST,EXCLUDED_FROM_V1_0_STOCK_RANKING
20261007,479620,SOL 미국AI반도체칩메이커,4,해외 주식,27755.0,27615.0,0.506971,280.0,1.02,-8.5843,24844.0,687.0,971.0,2,NAVER_FINANCE_ETF_ITEM_LIST,EXCLUDED_FROM_V1_0_STOCK_RANKING
20261007,453080,KIWOOM 미국나스닥100(H),4,해외 주식,24195.0,24209.0,-0.05783,70.0,0.29,4.4019,139678.0,3381.0,968.0,2,NAVER_FINANCE_ETF_ITEM_LIST,EXCLUDED_FROM_V1_0_STOCK_RANKING
20261007,461460,PLUS 국고채10년액티브,6,채권,51410.0,51369.0,0.079815,-40.0,-0.08,-0.2134,6237.0,320.0,962.0,5,NAVER_FINANCE_ETF_ITEM_LIST,EXCLUDED_FROM_V1_0_STOCK_RANKING
20261007,168580,ACE 중국본토CSI300,4,해외 주식,31580.0,31820.0,-0.754243,-350.0,-1.1,-19.7437,1345.0,42.0,960.0,5,NAVER_FINANCE_ETF_ITEM_LIST,EXCLUDED_FROM_V1_0_STOCK_RANKING
20261007,473440,ACE 11월만기자동연장회사채AA-이상액티브,6,채권,10885.0,10884.0,0.009188,5.0,0.05,0.8808,194.0,2.0,947.0,2,NAVER_FINANCE_ETF_ITEM_LIST,EXCLUDED_FROM_V1_0_STOCK_RANKING
20261007,433970,KODEX TDF2030액티브 적격,7,기타,13915.0,13878.0,0.266609,-5.0,-0.04,-4.6701,23120.0,321.0,946.0,5,NAVER_FINANCE_ETF_ITEM_LIST,EXCLUDED_FROM_V1_0_STOCK_RANKING
20261007,195980,PLUS 신흥국MSCI(합성 H),4,해외 주식,15400.0,15488.0,-0.568182,-285.0,-1.82,2.3157,10670.0,166.0,946.0,5,NAVER_FINANCE_ETF_ITEM_LIST,EXCLUDED_FROM_V1_0_STOCK_RANKING
20261007,143850,TIGER 미국S&P500선물(H),4,해외 주식,78545.0,78508.0,0.047129,360.0,0.46,2.8276,1139.0,89.0,923.0,2,NAVER_FINANCE_ETF_ITEM_LIST,EXCLUDED_FROM_V1_0_STOCK_RANKING
20261007,269540,PLUS 미국S&P500(H),4,해외 주식,30530.0,30514.0,0.052435,170.0,0.56,1.4705,7584.0,231.0,916.0,2,NAVER_FINANCE_ETF_ITEM_LIST,EXCLUDED_FROM_V1_0_STOCK_RANKING
20261007,308620,KODEX 미국10년국채선물,6,채권,10835.0,10881.0,-0.422755,-25.0,-0.23,-15.8466,47668.0,516.0,910.0,5,NAVER_FINANCE_ETF_ITEM_LIST,EXCLUDED_FROM_V1_0_STOCK_RANKING
20261007,298770,KODEX 한국대만IT프리미어,4,해외 주식,84830.0,84903.0,-0.08598,-1160.0,-1.35,-9.0963,2621.0,223.0,908.0,5,NAVER_FINANCE_ETF_ITEM_LIST,EXCLUDED_FROM_V1_0_STOCK_RANKING
20261007,114100,RISE 국고채3년,6,채권,106295.0,106267.0,0.026349,15.0,0.01,0.5706,2419.0,257.0,893.0,2,NAVER_FINANCE_ETF_ITEM_LIST,EXCLUDED_FROM_V1_0_STOCK_RANKING
20261007,444490,WON 미국S&P500,4,해외 주식,19975.0,19943.0,0.160457,40.0,0.2,-8.7852,12395.0,247.0,889.0,2,NAVER_FINANCE_ETF_ITEM_LIST,EXCLUDED_FROM_V1_0_STOCK_RANKING
20261007,325020,KODEX 배당가치,2,국내 업종/테마,28650.0,28651.0,-0.00349,-270.0,-0.93,-6.6007,2778.0,80.0,888.0,5,NAVER_FINANCE_ETF_ITEM_LIST,EXCLUDED_FROM_V1_0_STOCK_RANKING
20261007,454320,HANARO CAPEX설비투자iSelect,2,국내 업종/테마,40945.0,40787.0,0.387378,-1445.0,-3.41,-1.9998,5792.0,240.0,880.0,5,NAVER_FINANCE_ETF_ITEM_LIST,EXCLUDED_FROM_V1_0_STOCK_RANKING
20261007,261270,KODEX 미국달러선물인버스,7,기타,8350.0,8358.0,-0.095717,25.0,0.3,14.041,29874.0,249.0,873.0,2,NAVER_FINANCE_ETF_ITEM_LIST,EXCLUDED_FROM_V1_0_STOCK_RANKING
20261007,468380,KODEX iShares미국하이일드액티브,6,채권,10305.0,10319.0,-0.135672,0.0,0.0,-14.0295,90014.0,927.0,870.0,3,NAVER_FINANCE_ETF_ITEM_LIST,EXCLUDED_FROM_V1_0_STOCK_RANKING
20261007,453330,RISE 미국S&P500(H),4,해외 주식,18470.0,18465.0,0.027078,70.0,0.38,3.6295,22979.0,424.0,868.0,2,NAVER_FINANCE_ETF_ITEM_LIST,EXCLUDED_FROM_V1_0_STOCK_RANKING
20261007,329670,KODEX TRF7030,7,기타,21665.0,21713.0,-0.221066,85.0,0.39,-7.1866,9519.0,206.0,867.0,2,NAVER_FINANCE_ETF_ITEM_LIST,EXCLUDED_FROM_V1_0_STOCK_RANKING
20261007,211900,KODEX 코리아배당성장,2,국내 업종/테마,27390.0,27290.0,0.366435,-130.0,-0.47,-5.9337,27263.0,747.0,863.0,5,NAVER_FINANCE_ETF_ITEM_LIST,EXCLUDED_FROM_V1_0_STOCK_RANKING
20261007,485690,RISE 미국AI밸류체인TOP3Plus,4,해외 주식,23445.0,23261.0,0.791024,345.0,1.49,-3.1214,100589.0,2344.0,856.0,2,NAVER_FINANCE_ETF_ITEM_LIST,EXCLUDED_FROM_V1_0_STOCK_RANKING
20261007,495040,PLUS 코리아밸류업,1,국내 시장지수,31425.0,31284.0,0.45071,-410.0,-1.29,-14.7112,1868.0,59.0,848.0,5,NAVER_FINANCE_ETF_ITEM_LIST,EXCLUDED_FROM_V1_0_STOCK_RANKING
20261007,469060,RISE 미국반도체NYSE,4,해외 주식,37850.0,37876.0,-0.068645,-175.0,-0.46,-10.3587,12561.0,476.0,833.0,5,NAVER_FINANCE_ETF_ITEM_LIST,EXCLUDED_FROM_V1_0_STOCK_RANKING
20261007,329660,KODEX TRF5050,7,기타,17660.0,17714.0,-0.304844,5.0,0.03,-4.6305,19562.0,345.0,830.0,2,NAVER_FINANCE_ETF_ITEM_LIST,EXCLUDED_FROM_V1_0_STOCK_RANKING
20261007,359210,KODEX 코스피TR,1,국내 시장지수,35510.0,35490.0,0.056354,-585.0,-1.62,-13.4101,2264.0,81.0,817.0,5,NAVER_FINANCE_ETF_ITEM_LIST,EXCLUDED_FROM_V1_0_STOCK_RANKING
20261007,449770,KIWOOM 미국S&P500,4,해외 주식,20820.0,20794.0,0.125036,65.0,0.31,-9.1161,2720.0,56.0,812.0,2,NAVER_FINANCE_ETF_ITEM_LIST,EXCLUDED_FROM_V1_0_STOCK_RANKING
20261007,475280,ACE 8월만기자동연장회사채AA-이상액티브,6,채권,10750.0,10760.0,-0.092937,0.0,0.0,0.6083,3248.0,34.0,812.0,3,NAVER_FINANCE_ETF_ITEM_LIST,EXCLUDED_FROM_V1_0_STOCK_RANKING
20261007,460960,ACE 글로벌인컴TOP10,7,기타,10340.0,10321.0,0.184091,0.0,0.0,-14.4399,33366.0,344.0,807.0,3,NAVER_FINANCE_ETF_ITEM_LIST,EXCLUDED_FROM_V1_0_STOCK_RANKING
20261007,108450,ACE 삼성그룹섹터가중,2,국내 업종/테마,40085.0,40132.0,-0.117114,-510.0,-1.26,-8.9697,5113.0,206.0,802.0,5,NAVER_FINANCE_ETF_ITEM_LIST,EXCLUDED_FROM_V1_0_STOCK_RANKING
20261007,337140,KODEX 코스피대형주,2,국내 업종/테마,36230.0,36161.0,0.190813,-670.0,-1.82,-14.4026,3439.0,125.0,797.0,5,NAVER_FINANCE_ETF_ITEM_LIST,EXCLUDED_FROM_V1_0_STOCK_RANKING
20261007,138530,TIGER LG그룹플러스,2,국내 업종/테마,12105.0,12121.0,-0.132002,-390.0,-3.12,5.532,120778.0,1479.0,777.0,5,NAVER_FINANCE_ETF_ITEM_LIST,EXCLUDED_FROM_V1_0_STOCK_RANKING
20261007,495750,HANARO 코리아밸류업,1,국내 시장지수,31670.0,31538.0,0.418543,-355.0,-1.11,-14.868,1947.0,61.0,776.0,5,NAVER_FINANCE_ETF_ITEM_LIST,EXCLUDED_FROM_V1_0_STOCK_RANKING
20261007,429760,PLUS 미국S&P500,4,해외 주식,19360.0,19328.0,0.165563,50.0,0.26,-8.9031,7735.0,149.0,774.0,2,NAVER_FINANCE_ETF_ITEM_LIST,EXCLUDED_FROM_V1_0_STOCK_RANKING
20261007,210780,TIGER 코스피고배당,2,국내 업종/테마,23150.0,23140.0,0.043215,90.0,0.39,0.045,9221.0,213.0,764.0,2,NAVER_FINANCE_ETF_ITEM_LIST,EXCLUDED_FROM_V1_0_STOCK_RANKING
20261007,365040,TIGER AI코리아그로스액티브,1,국내 시장지수,36255.0,36124.0,0.36264,-760.0,-2.05,-12.2452,9321.0,339.0,761.0,5,NAVER_FINANCE_ETF_ITEM_LIST,EXCLUDED_FROM_V1_0_STOCK_RANKING
20261007,228810,TIGER 미디어컨텐츠,2,국내 업종/테마,3095.0,3097.0,-0.064579,105.0,3.51,-13.2076,689358.0,2125.0,760.0,2,NAVER_FINANCE_ETF_ITEM_LIST,EXCLUDED_FROM_V1_0_STOCK_RANKING
20261007,364960,TIGER BBIG,2,국내 업종/테마,6370.0,6346.0,0.378191,-5.0,-0.08,-0.9325,13777.0,87.0,755.0,5,NAVER_FINANCE_ETF_ITEM_LIST,EXCLUDED_FROM_V1_0_STOCK_RANKING
20261007,412770,TIGER 글로벌AI플랫폼액티브,4,해외 주식,13060.0,13060.0,0.0,15.0,0.11,-13.4661,2281.0,29.0,744.0,2,NAVER_FINANCE_ETF_ITEM_LIST,EXCLUDED_FROM_V1_0_STOCK_RANKING
20261007,298340,PLUS 국채선물3년,6,채권,56595.0,56607.0,-0.021199,-75.0,-0.13,0.8362,3054.0,172.0,743.0,5,NAVER_FINANCE_ETF_ITEM_LIST,EXCLUDED_FROM_V1_0_STOCK_RANKING
20261007,272910,ACE 중장기국공채액티브,6,채권,106390.0,106386.0,0.00376,15.0,0.01,0.4864,52.0,5.0,733.0,2,NAVER_FINANCE_ETF_ITEM_LIST,EXCLUDED_FROM_V1_0_STOCK_RANKING
20261007,292770,KODEX 국채선물3년인버스,6,채권,57920.0,57962.0,-0.072461,0.0,0.0,0.6166,0.0,0.0,723.0,3,NAVER_FINANCE_ETF_ITEM_LIST,EXCLUDED_FROM_V1_0_STOCK_RANKING
20261007,490480,SOL K방산,2,국내 업종/테마,26265.0,26228.0,0.141071,-1500.0,-5.4,-18.1698,32428.0,868.0,722.0,5,NAVER_FINANCE_ETF_ITEM_LIST,EXCLUDED_FROM_V1_0_STOCK_RANKING
20261007,292190,KODEX KRX300,1,국내 시장지수,48150.0,48085.0,0.135177,-930.0,-1.89,-13.5005,1682.0,81.0,722.0,5,NAVER_FINANCE_ETF_ITEM_LIST,EXCLUDED_FROM_V1_0_STOCK_RANKING
20261007,465330,RISE 2차전지TOP10,2,국내 업종/테마,12240.0,12218.0,0.180062,-260.0,-2.08,18.2592,344886.0,4226.0,722.0,5,NAVER_FINANCE_ETF_ITEM_LIST,EXCLUDED_FROM_V1_0_STOCK_RANKING
20261007,157490,TIGER 소프트웨어,2,국내 업종/테마,7750.0,7772.0,-0.283067,-160.0,-2.02,-3.3008,62387.0,489.0,719.0,5,NAVER_FINANCE_ETF_ITEM_LIST,EXCLUDED_FROM_V1_0_STOCK_RANKING
20261007,475350,RISE 버크셔포트폴리오TOP10,4,해외 주식,13885.0,13928.0,-0.308731,-20.0,-0.14,-12.6722,14691.0,204.0,708.0,5,NAVER_FINANCE_ETF_ITEM_LIST,EXCLUDED_FROM_V1_0_STOCK_RANKING
20261007,266420,KODEX 헬스케어,2,국내 업종/테마,16450.0,16389.0,0.372201,-90.0,-0.54,-4.3378,24402.0,402.0,707.0,5,NAVER_FINANCE_ETF_ITEM_LIST,EXCLUDED_FROM_V1_0_STOCK_RANKING
20261007,418670,TIGER 글로벌AI사이버보안,4,해외 주식,19800.0,19715.0,0.431144,185.0,0.94,6.4875,212774.0,4203.0,697.0,2,NAVER_FINANCE_ETF_ITEM_LIST,EXCLUDED_FROM_V1_0_STOCK_RANKING
20261007,453950,TIGER TSMC파운드리밸류체인,4,해외 주식,35540.0,35448.0,0.259535,-710.0,-1.96,-11.8113,8240.0,292.0,693.0,5,NAVER_FINANCE_ETF_ITEM_LIST,EXCLUDED_FROM_V1_0_STOCK_RANKING
20261007,211560,TIGER 배당성장,2,국내 업종/테마,34185.0,34215.0,-0.087681,-165.0,-0.48,-6.6261,5426.0,186.0,687.0,5,NAVER_FINANCE_ETF_ITEM_LIST,EXCLUDED_FROM_V1_0_STOCK_RANKING
20261007,130730,KIWOOM 단기자금,6,채권,103335.0,103320.0,0.014518,55.0,0.05,0.7462,68766.0,7106.0,682.0,2,NAVER_FINANCE_ETF_ITEM_LIST,EXCLUDED_FROM_V1_0_STOCK_RANKING
20261007,492500,1Q 현대차그룹채권(A+이상)&국고통안,7,기타,51460.0,51479.0,-0.036908,25.0,0.05,0.8035,47.0,2.0,680.0,2,NAVER_FINANCE_ETF_ITEM_LIST,EXCLUDED_FROM_V1_0_STOCK_RANKING
20261007,441540,HANARO Fn조선해운,2,국내 업종/테마,25080.0,24981.0,0.396301,-620.0,-2.41,-12.1668,9760.0,246.0,677.0,5,NAVER_FINANCE_ETF_ITEM_LIST,EXCLUDED_FROM_V1_0_STOCK_RANKING
20261007,228800,TIGER 여행레저,2,국내 업종/테마,2620.0,2627.0,-0.266464,5.0,0.19,-7.1048,61852.0,162.0,674.0,2,NAVER_FINANCE_ETF_ITEM_LIST,EXCLUDED_FROM_V1_0_STOCK_RANKING
20261007,278620,PLUS 단기채권액티브,6,채권,119395.0,119401.0,-0.005025,50.0,0.04,0.9174,71.0,8.0,670.0,2,NAVER_FINANCE_ETF_ITEM_LIST,EXCLUDED_FROM_V1_0_STOCK_RANKING
20261007,433880,PLUS TDF2060액티브 적격,7,기타,18295.0,18289.0,0.032807,15.0,0.08,-9.243,8984.0,164.0,668.0,2,NAVER_FINANCE_ETF_ITEM_LIST,EXCLUDED_FROM_V1_0_STOCK_RANKING
20261007,278240,RISE 코스닥150선물레버리지,3,국내 파생,9255.0,9249.0,0.064872,-550.0,-5.61,1.0824,106806.0,1024.0,665.0,5,NAVER_FINANCE_ETF_ITEM_LIST,EXCLUDED_FROM_V1_0_STOCK_RANKING
20261007,491700,HK 200,1,국내 시장지수,109660.0,109508.0,0.138803,-1915.0,-1.72,-14.4889,5098.0,566.0,658.0,5,NAVER_FINANCE_ETF_ITEM_LIST,EXCLUDED_FROM_V1_0_STOCK_RANKING
20261007,295020,RISE 국채선물10년인버스,6,채권,60835.0,60826.0,0.014796,95.0,0.16,1.1996,7.0,0.0,642.0,2,NAVER_FINANCE_ETF_ITEM_LIST,EXCLUDED_FROM_V1_0_STOCK_RANKING
20261007,473640,HANARO 글로벌금채굴기업,4,해외 주식,30505.0,30782.0,-0.899877,0.0,0.0,-5.3816,8227.0,252.0,641.0,3,NAVER_FINANCE_ETF_ITEM_LIST,EXCLUDED_FROM_V1_0_STOCK_RANKING
20261007,277640,TIGER 코스피대형주,2,국내 업종/테마,37460.0,37382.0,0.208657,-715.0,-1.87,-14.0751,5324.0,201.0,637.0,5,NAVER_FINANCE_ETF_ITEM_LIST,EXCLUDED_FROM_V1_0_STOCK_RANKING
20261007,495940,RISE 미국AI테크액티브,4,해외 주식,19940.0,19864.0,0.382602,100.0,0.5,-12.1368,51456.0,1023.0,628.0,2,NAVER_FINANCE_ETF_ITEM_LIST,EXCLUDED_FROM_V1_0_STOCK_RANKING
20261007,458750,TIGER 미국배당다우존스타겟커버드콜1호,4,해외 주식,12065.0,12072.0,-0.057985,-20.0,-0.17,-11.0858,16169.0,195.0,627.0,5,NAVER_FINANCE_ETF_ITEM_LIST,EXCLUDED_FROM_V1_0_STOCK_RANKING
20261007,419890,KIWOOM 단기채권ESG액티브,6,채권,107765.0,107761.0,0.003712,90.0,0.08,0.7673,2207.0,237.0,625.0,2,NAVER_FINANCE_ETF_ITEM_LIST,EXCLUDED_FROM_V1_0_STOCK_RANKING
20261007,261240,KODEX 미국달러선물,7,기타,13880.0,13880.0,0.0,-35.0,-0.25,-11.5385,44862.0,622.0,623.0,5,NAVER_FINANCE_ETF_ITEM_LIST,EXCLUDED_FROM_V1_0_STOCK_RANKING
20261007,306950,KODEX KRX300레버리지,3,국내 파생,77305.0,76523.0,1.021915,-2090.0,-2.63,-35.762,1284.0,101.0,618.0,5,NAVER_FINANCE_ETF_ITEM_LIST,EXCLUDED_FROM_V1_0_STOCK_RANKING
20261007,455660,ACE 미국하이일드액티브(H),6,채권,9175.0,9170.0,0.054526,35.0,0.38,-2.4415,11357.0,104.0,615.0,2,NAVER_FINANCE_ETF_ITEM_LIST,EXCLUDED_FROM_V1_0_STOCK_RANKING
20261007,275980,TIGER 글로벌4차산업혁신기술(합성 H),4,해외 주식,24005.0,24217.0,-0.875418,-95.0,-0.39,-0.3721,5892.0,141.0,600.0,5,NAVER_FINANCE_ETF_ITEM_LIST,EXCLUDED_FROM_V1_0_STOCK_RANKING
20261007,440640,ACE 단기채권알파액티브,6,채권,113030.0,113030.0,0.0,50.0,0.04,0.8344,8389.0,948.0,598.0,2,NAVER_FINANCE_ETF_ITEM_LIST,EXCLUDED_FROM_V1_0_STOCK_RANKING
20261007,252400,RISE 200선물레버리지,3,국내 파생,99375.0,99360.0,0.015097,-4530.0,-4.36,-36.4515,1493.0,151.0,596.0,5,NAVER_FINANCE_ETF_ITEM_LIST,EXCLUDED_FROM_V1_0_STOCK_RANKING
20261007,140700,KODEX 보험,2,국내 업종/테마,20320.0,20386.0,-0.323752,205.0,1.02,1.7323,114355.0,2333.0,589.0,2,NAVER_FINANCE_ETF_ITEM_LIST,EXCLUDED_FROM_V1_0_STOCK_RANKING
20261007,225040,TIGER 미국S&P500레버리지(합성 H),4,해외 주식,69750.0,69693.0,0.081787,650.0,0.94,6.2504,6032.0,421.0,586.0,2,NAVER_FINANCE_ETF_ITEM_LIST,EXCLUDED_FROM_V1_0_STOCK_RANKING
20261007,453640,KODEX 미국S&P500헬스케어,4,해외 주식,13565.0,13550.0,0.110701,-55.0,-0.4,-10.5261,30142.0,408.0,583.0,5,NAVER_FINANCE_ETF_ITEM_LIST,EXCLUDED_FROM_V1_0_STOCK_RANKING
20261007,491220,PLUS 200TR,1,국내 시장지수,128950.0,128906.0,0.034133,-1855.0,-1.42,-15.1774,591.0,77.0,580.0,5,NAVER_FINANCE_ETF_ITEM_LIST,EXCLUDED_FROM_V1_0_STOCK_RANKING
20261007,480310,TIGER 글로벌온디바이스AI,4,해외 주식,21825.0,21824.0,0.004582,-195.0,-0.89,-5.9508,7715.0,168.0,578.0,5,NAVER_FINANCE_ETF_ITEM_LIST,EXCLUDED_FROM_V1_0_STOCK_RANKING
20261007,442560,RISE TDF2040액티브 적격,7,기타,16430.0,16345.0,0.520037,5.0,0.03,-6.706,16367.0,268.0,575.0,2,NAVER_FINANCE_ETF_ITEM_LIST,EXCLUDED_FROM_V1_0_STOCK_RANKING
20261007,261070,TIGER 코스닥150바이오테크,2,국내 업종/테마,11855.0,11855.0,0.0,-105.0,-0.88,-10.8793,201486.0,2414.0,569.0,5,NAVER_FINANCE_ETF_ITEM_LIST,EXCLUDED_FROM_V1_0_STOCK_RANKING
20261007,476260,HANARO 반도체핵심공정주도주,2,국내 업종/테마,14995.0,15081.0,-0.570254,-875.0,-5.51,7.9591,524223.0,8034.0,562.0,5,NAVER_FINANCE_ETF_ITEM_LIST,EXCLUDED_FROM_V1_0_STOCK_RANKING
20261007,385590,ACE ESG액티브,2,국내 업종/테마,23970.0,23920.0,0.20903,-365.0,-1.5,-11.1213,3233.0,78.0,551.0,5,NAVER_FINANCE_ETF_ITEM_LIST,EXCLUDED_FROM_V1_0_STOCK_RANKING
20261007,476750,ACE 미국30년국채엔화노출액티브(H),6,채권,6765.0,6774.0,-0.132861,-40.0,-0.59,-19.0537,159063.0,1074.0,548.0,5,NAVER_FINANCE_ETF_ITEM_LIST,EXCLUDED_FROM_V1_0_STOCK_RANKING
20261007,287180,PLUS 미국나스닥테크,4,해외 주식,57595.0,57632.0,-0.0642,35.0,0.06,-6.6646,1267.0,73.0,547.0,2,NAVER_FINANCE_ETF_ITEM_LIST,EXCLUDED_FROM_V1_0_STOCK_RANKING
20261007,434960,DAISHIN K200,1,국내 시장지수,109315.0,109320.0,-0.004574,-2240.0,-2.01,-14.7951,378.0,41.0,547.0,5,NAVER_FINANCE_ETF_ITEM_LIST,EXCLUDED_FROM_V1_0_STOCK_RANKING
20261007,304780,HANARO 200선물레버리지,3,국내 파생,121260.0,121011.0,0.205766,-5450.0,-4.3,-35.5166,457.0,57.0,546.0,5,NAVER_FINANCE_ETF_ITEM_LIST,EXCLUDED_FROM_V1_0_STOCK_RANKING
20261007,150460,TIGER 중국소비테마,2,국내 업종/테마,7400.0,7430.0,-0.403769,110.0,1.51,-0.8838,10731.0,79.0,544.0,2,NAVER_FINANCE_ETF_ITEM_LIST,EXCLUDED_FROM_V1_0_STOCK_RANKING
20261007,455960,RISE 미국달러SOFR금리액티브(합성),6,채권,11790.0,11803.0,-0.110141,-55.0,-0.46,-11.1403,5397.0,63.0,540.0,5,NAVER_FINANCE_ETF_ITEM_LIST,EXCLUDED_FROM_V1_0_STOCK_RANKING
20261007,401470,KODEX 메타버스액티브,2,국내 업종/테마,9320.0,9343.0,-0.246174,30.0,0.32,-8.9216,7785.0,72.0,536.0,2,NAVER_FINANCE_ETF_ITEM_LIST,EXCLUDED_FROM_V1_0_STOCK_RANKING
20261007,316670,KIWOOM 코스닥150,1,국내 시장지수,7655.0,7679.0,-0.312541,-255.0,-3.22,7.8391,788101.0,6120.0,524.0,5,NAVER_FINANCE_ETF_ITEM_LIST,EXCLUDED_FROM_V1_0_STOCK_RANKING
20261007,101280,KODEX 일본TOPIX100,4,해외 주식,30415.0,30277.0,0.455792,-220.0,-0.72,-6.3163,9196.0,280.0,523.0,5,NAVER_FINANCE_ETF_ITEM_LIST,EXCLUDED_FROM_V1_0_STOCK_RANKING
20261007,479730,TIGER 인도빌리언컨슈머,4,해외 주식,8800.0,8793.0,0.079609,-100.0,-1.12,-17.2789,10073.0,89.0,519.0,5,NAVER_FINANCE_ETF_ITEM_LIST,EXCLUDED_FROM_V1_0_STOCK_RANKING
20261007,114470,KIWOOM 국고채3년,6,채권,107695.0,107681.0,0.013001,-20.0,-0.02,0.5768,68.0,7.0,517.0,5,NAVER_FINANCE_ETF_ITEM_LIST,EXCLUDED_FROM_V1_0_STOCK_RANKING
20261007,473490,KIWOOM 글로벌AI반도체,4,해외 주식,34450.0,34384.0,0.19195,220.0,0.64,-3.9273,11550.0,397.0,517.0,2,NAVER_FINANCE_ETF_ITEM_LIST,EXCLUDED_FROM_V1_0_STOCK_RANKING
20261007,275300,KODEX 우량주,2,국내 업종/테마,30300.0,30172.0,0.424234,-580.0,-1.88,-13.1758,2749.0,84.0,515.0,5,NAVER_FINANCE_ETF_ITEM_LIST,EXCLUDED_FROM_V1_0_STOCK_RANKING
20261007,336160,RISE 금융채액티브,6,채권,100060.0,100057.0,0.002998,20.0,0.02,0.626,20.0,2.0,509.0,2,NAVER_FINANCE_ETF_ITEM_LIST,EXCLUDED_FROM_V1_0_STOCK_RANKING
20261007,292560,TIGER 일본엔선물,7,기타,7820.0,7819.0,0.012789,-50.0,-0.64,-9.7995,157155.0,1230.0,508.0,5,NAVER_FINANCE_ETF_ITEM_LIST,EXCLUDED_FROM_V1_0_STOCK_RANKING
20261007,445150,KODEX 친환경조선해운액티브,2,국내 업종/테마,26985.0,27057.0,-0.266105,-430.0,-1.57,-10.1264,7584.0,206.0,499.0,5,NAVER_FINANCE_ETF_ITEM_LIST,EXCLUDED_FROM_V1_0_STOCK_RANKING
20261007,475260,ACE 2월만기자동연장회사채AA-이상액티브,6,채권,10775.0,10781.0,-0.055653,-5.0,-0.05,0.889,507.0,5.0,497.0,5,NAVER_FINANCE_ETF_ITEM_LIST,EXCLUDED_FROM_V1_0_STOCK_RANKING
20261007,253150,PLUS 200선물레버리지,3,국내 파생,198450.0,198573.0,-0.061942,-8980.0,-4.33,-36.4667,520.0,104.0,496.0,5,NAVER_FINANCE_ETF_ITEM_LIST,EXCLUDED_FROM_V1_0_STOCK_RANKING
20261007,461340,HANARO 글로벌생성형AI액티브,4,해외 주식,44950.0,45020.0,-0.155486,-20.0,-0.04,-5.7134,2856.0,128.0,494.0,5,NAVER_FINANCE_ETF_ITEM_LIST,EXCLUDED_FROM_V1_0_STOCK_RANKING
20261007,218420,KODEX 미국S&P500에너지(합성),4,해외 주식,20040.0,19947.0,0.466236,45.0,0.23,5.598,6189.0,123.0,492.0,2,NAVER_FINANCE_ETF_ITEM_LIST,EXCLUDED_FROM_V1_0_STOCK_RANKING
20261007,204480,TIGER 차이나CSI300레버리지(합성),4,해외 주식,20390.0,20525.0,-0.657734,-10.0,-0.05,-40.3509,939.0,19.0,485.0,5,NAVER_FINANCE_ETF_ITEM_LIST,EXCLUDED_FROM_V1_0_STOCK_RANKING
20261007,152500,ACE 레버리지,3,국내 파생,44110.0,44029.0,0.18397,-1850.0,-4.03,-36.2818,18738.0,847.0,485.0,5,NAVER_FINANCE_ETF_ITEM_LIST,EXCLUDED_FROM_V1_0_STOCK_RANKING
20261007,473590,ACE 미국주식베스트셀러,4,해외 주식,20185.0,20124.0,0.303121,-115.0,-0.57,-6.2573,11270.0,226.0,484.0,5,NAVER_FINANCE_ETF_ITEM_LIST,EXCLUDED_FROM_V1_0_STOCK_RANKING
20261007,442090,에셋플러스 코리아대장장이액티브,2,국내 업종/테마,31980.0,31858.0,0.382949,-305.0,-0.94,-0.1701,1618.0,51.0,480.0,5,NAVER_FINANCE_ETF_ITEM_LIST,EXCLUDED_FROM_V1_0_STOCK_RANKING
20261007,140950,파워 코스피100,1,국내 시장지수,85220.0,85153.0,0.078682,-1810.0,-2.08,-15.446,1441.0,125.0,477.0,5,NAVER_FINANCE_ETF_ITEM_LIST,EXCLUDED_FROM_V1_0_STOCK_RANKING
20261007,442260,마이티 다이나믹퀀트액티브,1,국내 시장지수,38200.0,38033.0,0.439092,-565.0,-1.46,-14.8958,695.0,26.0,474.0,5,NAVER_FINANCE_ETF_ITEM_LIST,EXCLUDED_FROM_V1_0_STOCK_RANKING
20261007,440910,WON 미국우주항공방산,4,해외 주식,21490.0,21518.0,-0.130124,110.0,0.51,-29.0879,3151.0,67.0,473.0,2,NAVER_FINANCE_ETF_ITEM_LIST,EXCLUDED_FROM_V1_0_STOCK_RANKING
20261007,447430,ACE 주주환원가치주액티브,2,국내 업종/테마,16545.0,16556.0,-0.066441,-15.0,-0.09,2.3552,6168.0,102.0,472.0,5,NAVER_FINANCE_ETF_ITEM_LIST,EXCLUDED_FROM_V1_0_STOCK_RANKING
20261007,123310,TIGER 인버스,3,국내 파생,1122.0,1123.0,-0.089047,26.0,2.37,2.6217,1453743.0,1614.0,470.0,2,NAVER_FINANCE_ETF_ITEM_LIST,EXCLUDED_FROM_V1_0_STOCK_RANKING
20261007,196030,ACE 일본TOPIX레버리지(H),4,해외 주식,93370.0,94049.0,-0.721964,-1630.0,-1.72,4.6889,2320.0,215.0,467.0,5,NAVER_FINANCE_ETF_ITEM_LIST,EXCLUDED_FROM_V1_0_STOCK_RANKING
20261007,305050,ACE 코스피,1,국내 시장지수,71085.0,71041.0,0.061936,-1610.0,-2.21,-12.6945,3257.0,234.0,462.0,5,NAVER_FINANCE_ETF_ITEM_LIST,EXCLUDED_FROM_V1_0_STOCK_RANKING
20261007,261220,KODEX WTI원유선물(H),5,원자재,26340.0,26378.0,-0.144059,370.0,1.42,35.472,37134.0,979.0,461.0,2,NAVER_FINANCE_ETF_ITEM_LIST,EXCLUDED_FROM_V1_0_STOCK_RANKING
20261007,238720,ACE 일본Nikkei225(H),4,해외 주식,51135.0,51158.0,-0.044959,-630.0,-1.22,1.6894,2216.0,113.0,460.0,5,NAVER_FINANCE_ETF_ITEM_LIST,EXCLUDED_FROM_V1_0_STOCK_RANKING
20261007,481430,RISE 국고채10년액티브,6,채권,98275.0,98165.0,0.112056,-45.0,-0.05,-0.2385,1336.0,131.0,457.0,5,NAVER_FINANCE_ETF_ITEM_LIST,EXCLUDED_FROM_V1_0_STOCK_RANKING
20261007,487130,KoAct AI인프라액티브,2,국내 업종/테마,31405.0,31395.0,0.031852,-900.0,-2.79,1.2695,8169.0,258.0,455.0,5,NAVER_FINANCE_ETF_ITEM_LIST,EXCLUDED_FROM_V1_0_STOCK_RANKING
20261007,371470,TIGER 차이나바이오테크SOLACTIVE,4,해외 주식,8585.0,8720.0,-1.548165,-205.0,-2.33,0.0569,12019.0,103.0,453.0,5,NAVER_FINANCE_ETF_ITEM_LIST,EXCLUDED_FROM_V1_0_STOCK_RANKING
20261007,276990,KODEX 글로벌로봇(합성),4,해외 주식,25595.0,25621.0,-0.101479,-5.0,-0.02,-14.4386,1810.0,46.0,453.0,5,NAVER_FINANCE_ETF_ITEM_LIST,EXCLUDED_FROM_V1_0_STOCK_RANKING
20261007,360140,KODEX 200롱코스닥150숏선물,2,국내 업종/테마,20445.0,20411.0,0.166577,240.0,1.19,-23.2333,29082.0,591.0,450.0,2,NAVER_FINANCE_ETF_ITEM_LIST,EXCLUDED_FROM_V1_0_STOCK_RANKING
20261007,200030,KODEX 미국S&P500산업재(합성),4,해외 주식,39690.0,39655.0,0.088261,170.0,0.43,-18.9666,2072.0,82.0,447.0,2,NAVER_FINANCE_ETF_ITEM_LIST,EXCLUDED_FROM_V1_0_STOCK_RANKING
20261007,375770,KODEX 탄소효율그린뉴딜,2,국내 업종/테마,24775.0,24735.0,0.161714,-555.0,-2.19,-12.052,65.0,1.0,446.0,5,NAVER_FINANCE_ETF_ITEM_LIST,EXCLUDED_FROM_V1_0_STOCK_RANKING
20261007,453650,KODEX 미국S&P500금융,4,해외 주식,17735.0,17739.0,-0.022549,-20.0,-0.11,-14.5098,8729.0,154.0,443.0,5,NAVER_FINANCE_ETF_ITEM_LIST,EXCLUDED_FROM_V1_0_STOCK_RANKING
20261007,440650,ACE 미국달러단기채권액티브,6,채권,11265.0,11266.0,-0.008876,-20.0,-0.18,-11.698,20463.0,230.0,428.0,5,NAVER_FINANCE_ETF_ITEM_LIST,EXCLUDED_FROM_V1_0_STOCK_RANKING
20261007,256750,KODEX 차이나심천ChiNext(합성),4,해외 주식,13600.0,13691.0,-0.66467,-125.0,-0.91,-30.2592,1232.0,16.0,416.0,5,NAVER_FINANCE_ETF_ITEM_LIST,EXCLUDED_FROM_V1_0_STOCK_RANKING
20261007,491830,TIGER 미국AI반도체팹리스,4,해외 주식,24170.0,24102.0,0.282134,415.0,1.75,-3.6189,20113.0,485.0,411.0,2,NAVER_FINANCE_ETF_ITEM_LIST,EXCLUDED_FROM_V1_0_STOCK_RANKING
20261007,100910,KIWOOM KRX100,1,국내 시장지수,17050.0,17034.0,0.09393,-425.0,-2.43,-14.3314,1608.0,27.0,409.0,5,NAVER_FINANCE_ETF_ITEM_LIST,EXCLUDED_FROM_V1_0_STOCK_RANKING
20261007,401170,RISE 메타버스,2,국내 업종/테마,10655.0,10652.0,0.028164,-15.0,-0.14,-13.2521,5183.0,55.0,409.0,5,NAVER_FINANCE_ETF_ITEM_LIST,EXCLUDED_FROM_V1_0_STOCK_RANKING
20261007,472840,IBK 200,1,국내 시장지수,108325.0,108034.0,0.26936,-1795.0,-1.63,-14.8303,573.0,62.0,406.0,5,NAVER_FINANCE_ETF_ITEM_LIST,EXCLUDED_FROM_V1_0_STOCK_RANKING
20261007,183700,RISE 200채권혼합50,7,기타,96710.0,96246.0,0.482098,-750.0,-0.77,-6.6028,1243.0,120.0,406.0,5,NAVER_FINANCE_ETF_ITEM_LIST,EXCLUDED_FROM_V1_0_STOCK_RANKING
20261007,469050,RISE 미국반도체NYSE(H),4,해외 주식,35295.0,35404.0,-0.307875,-150.0,-0.42,1.9501,76911.0,2717.0,406.0,5,NAVER_FINANCE_ETF_ITEM_LIST,EXCLUDED_FROM_V1_0_STOCK_RANKING
20261007,448570,FOCUS AI코리아액티브,1,국내 시장지수,29720.0,29583.0,0.463104,-515.0,-1.7,-10.0417,21.0,0.0,401.0,5,NAVER_FINANCE_ETF_ITEM_LIST,EXCLUDED_FROM_V1_0_STOCK_RANKING
20261007,450910,SOL 코스닥150,1,국내 시장지수,15015.0,15060.0,-0.298805,-515.0,-3.32,7.5857,57115.0,877.0,399.0,5,NAVER_FINANCE_ETF_ITEM_LIST,EXCLUDED_FROM_V1_0_STOCK_RANKING
20261007,472830,RISE 미국30년국채커버드콜(합성),6,채권,7145.0,7163.0,-0.251291,-35.0,-0.49,-20.6839,35197.0,251.0,397.0,5,NAVER_FINANCE_ETF_ITEM_LIST,EXCLUDED_FROM_V1_0_STOCK_RANKING
20261007,139280,TIGER 경기방어,2,국내 업종/테마,12195.0,12226.0,-0.253558,75.0,0.62,-0.654,3340.0,40.0,390.0,2,NAVER_FINANCE_ETF_ITEM_LIST,EXCLUDED_FROM_V1_0_STOCK_RANKING
20261007,275280,KODEX 모멘텀주,2,국내 업종/테마,43355.0,43170.0,0.428538,-770.0,-1.75,-14.0328,475.0,20.0,390.0,5,NAVER_FINANCE_ETF_ITEM_LIST,EXCLUDED_FROM_V1_0_STOCK_RANKING
20261007,322410,HANARO K고배당,2,국내 업종/테마,22100.0,22129.0,-0.13105,-165.0,-0.74,-1.9677,3895.0,86.0,387.0,5,NAVER_FINANCE_ETF_ITEM_LIST,EXCLUDED_FROM_V1_0_STOCK_RANKING
20261007,139320,TIGER 금은선물(H),5,원자재,17150.0,17256.0,-0.614279,50.0,0.29,-2.2858,6303.0,108.0,386.0,2,NAVER_FINANCE_ETF_ITEM_LIST,EXCLUDED_FROM_V1_0_STOCK_RANKING
20261007,428510,KODEX 차이나AI테크액티브,4,해외 주식,22490.0,22487.0,0.013341,-170.0,-0.75,-27.7279,3393.0,76.0,382.0,5,NAVER_FINANCE_ETF_ITEM_LIST,EXCLUDED_FROM_V1_0_STOCK_RANKING
20261007,365000,TIGER 인터넷TOP10,2,국내 업종/테마,3725.0,3710.0,0.404313,-100.0,-2.61,1.1904,78092.0,293.0,378.0,5,NAVER_FINANCE_ETF_ITEM_LIST,EXCLUDED_FROM_V1_0_STOCK_RANKING
20261007,494840,TIGER 미국방산TOP10,4,해외 주식,11245.0,11209.0,0.32117,-30.0,-0.27,-21.3698,13598.0,152.0,377.0,5,NAVER_FINANCE_ETF_ITEM_LIST,EXCLUDED_FROM_V1_0_STOCK_RANKING
20261007,276650,RISE 글로벌테크놀로지(합성 H),4,해외 주식,49715.0,49308.0,0.825424,470.0,0.95,6.4296,424.0,21.0,373.0,2,NAVER_FINANCE_ETF_ITEM_LIST,EXCLUDED_FROM_V1_0_STOCK_RANKING
20261007,195930,TIGER 유로스탁스50(합성 H),4,해외 주식,22910.0,23103.0,-0.835389,5.0,0.02,-3.0682,2718.0,62.0,367.0,2,NAVER_FINANCE_ETF_ITEM_LIST,EXCLUDED_FROM_V1_0_STOCK_RANKING
20261007,494410,PLUS 미국S&P500성장주,4,해외 주식,14600.0,14474.0,0.870526,5.0,0.03,-5.0647,1661.0,24.0,365.0,2,NAVER_FINANCE_ETF_ITEM_LIST,EXCLUDED_FROM_V1_0_STOCK_RANKING
20261007,400970,TIGER Fn메타버스,2,국내 업종/테마,7225.0,7225.0,0.0,30.0,0.42,-13.2611,3038.0,22.0,361.0,2,NAVER_FINANCE_ETF_ITEM_LIST,EXCLUDED_FROM_V1_0_STOCK_RANKING
20261007,449690,TIGER 한중반도체(합성),4,해외 주식,48125.0,48245.0,-0.24873,-865.0,-1.77,-23.2132,127.0,6.0,361.0,5,NAVER_FINANCE_ETF_ITEM_LIST,EXCLUDED_FROM_V1_0_STOCK_RANKING
20261007,352540,KODEX 일본부동산리츠(H),7,기타,10500.0,10442.0,0.555449,35.0,0.33,-8.5757,5174.0,54.0,357.0,2,NAVER_FINANCE_ETF_ITEM_LIST,EXCLUDED_FROM_V1_0_STOCK_RANKING
20261007,104530,KIWOOM 코리아고배당,2,국내 업종/테마,17245.0,17239.0,0.034805,205.0,1.2,-3.1153,10778.0,185.0,354.0,2,NAVER_FINANCE_ETF_ITEM_LIST,EXCLUDED_FROM_V1_0_STOCK_RANKING
20261007,276970,KODEX 미국S&P500배당귀족커버드콜(합성 H),4,해외 주식,7510.0,7432.0,1.049516,10.0,0.13,-2.5709,7716.0,57.0,353.0,2,NAVER_FINANCE_ETF_ITEM_LIST,EXCLUDED_FROM_V1_0_STOCK_RANKING
20261007,407830,에셋플러스 글로벌플랫폼액티브,4,해외 주식,14685.0,14702.0,-0.115631,-95.0,-0.64,-11.8139,230.0,3.0,352.0,5,NAVER_FINANCE_ETF_ITEM_LIST,EXCLUDED_FROM_V1_0_STOCK_RANKING
20261007,117460,KODEX 에너지화학,2,국내 업종/테마,14740.0,14764.0,-0.162558,-170.0,-1.14,15.1324,38220.0,563.0,351.0,5,NAVER_FINANCE_ETF_ITEM_LIST,EXCLUDED_FROM_V1_0_STOCK_RANKING
20261007,385520,KODEX 자율주행액티브,2,국내 업종/테마,16315.0,16417.0,-0.621307,-560.0,-3.32,-2.2873,4906.0,81.0,351.0,5,NAVER_FINANCE_ETF_ITEM_LIST,EXCLUDED_FROM_V1_0_STOCK_RANKING
20261007,464470,PLUS 미국채30년액티브,6,채권,43605.0,43777.0,-0.3929,-220.0,-0.5,-19.9206,10466.0,456.0,351.0,5,NAVER_FINANCE_ETF_ITEM_LIST,EXCLUDED_FROM_V1_0_STOCK_RANKING
20261007,241390,RISE V&S셀렉트밸류채권혼합,7,기타,15900.0,15782.0,0.747687,-30.0,-0.19,-2.5092,2429.0,38.0,350.0,5,NAVER_FINANCE_ETF_ITEM_LIST,EXCLUDED_FROM_V1_0_STOCK_RANKING
20261007,147970,TIGER 모멘텀,2,국내 업종/테마,79020.0,79499.0,-0.602523,-2195.0,-2.7,-11.8761,2321.0,185.0,348.0,5,NAVER_FINANCE_ETF_ITEM_LIST,EXCLUDED_FROM_V1_0_STOCK_RANKING
20261007,459560,KODEX 테슬라밸류체인FactSet,4,해외 주식,22900.0,22773.0,0.557678,250.0,1.1,-13.6867,5642.0,128.0,344.0,2,NAVER_FINANCE_ETF_ITEM_LIST,EXCLUDED_FROM_V1_0_STOCK_RANKING
20261007,380340,ACE 코리아AI테크핵심산업,2,국내 업종/테마,28600.0,28581.0,0.066478,-1055.0,-3.56,-5.9319,6224.0,181.0,343.0,5,NAVER_FINANCE_ETF_ITEM_LIST,EXCLUDED_FROM_V1_0_STOCK_RANKING
20261007,266360,KODEX K콘텐츠,2,국내 업종/테마,9270.0,9325.0,-0.589812,80.0,0.87,-10.0783,17173.0,160.0,343.0,2,NAVER_FINANCE_ETF_ITEM_LIST,EXCLUDED_FROM_V1_0_STOCK_RANKING
20261007,449780,KIWOOM 미국S&P500(H),4,해외 주식,18985.0,18971.0,0.073797,90.0,0.48,2.7774,17961.0,341.0,342.0,2,NAVER_FINANCE_ETF_ITEM_LIST,EXCLUDED_FROM_V1_0_STOCK_RANKING
20261007,465660,TIGER 일본반도체FACTSET,4,해외 주식,27050.0,27089.0,-0.14397,-740.0,-2.66,-14.3528,13525.0,364.0,338.0,5,NAVER_FINANCE_ETF_ITEM_LIST,EXCLUDED_FROM_V1_0_STOCK_RANKING
20261007,475070,KoAct 글로벌친환경전력인프라액티브,4,해외 주식,30485.0,30530.0,-0.147396,285.0,0.94,-17.8232,10049.0,306.0,335.0,2,NAVER_FINANCE_ETF_ITEM_LIST,EXCLUDED_FROM_V1_0_STOCK_RANKING
20261007,491090,KODEX 미국테크TOP3플러스,4,해외 주식,18560.0,18524.0,0.194342,-30.0,-0.16,-1.479,13035.0,241.0,334.0,5,NAVER_FINANCE_ETF_ITEM_LIST,EXCLUDED_FROM_V1_0_STOCK_RANKING
20261007,138910,KODEX 구리선물(H),5,원자재,9995.0,9965.0,0.301054,-30.0,-0.3,4.9738,16037.0,160.0,330.0,5,NAVER_FINANCE_ETF_ITEM_LIST,EXCLUDED_FROM_V1_0_STOCK_RANKING
20261007,474800,KIWOOM 미국원유에너지기업,4,해외 주식,15620.0,15532.0,0.566572,80.0,0.51,3.8723,47447.0,739.0,328.0,2,NAVER_FINANCE_ETF_ITEM_LIST,EXCLUDED_FROM_V1_0_STOCK_RANKING
20261007,252710,TIGER 200선물인버스2X,3,국내 파생,80.0,81.0,-1.234568,2.0,2.56,-2.5,92775171.0,7276.0,327.0,2,NAVER_FINANCE_ETF_ITEM_LIST,EXCLUDED_FROM_V1_0_STOCK_RANKING
20261007,446690,KODEX 아시아AI반도체exChina액티브,4,해외 주식,65375.0,65471.0,-0.14663,-1940.0,-2.88,-8.9378,4682.0,310.0,327.0,5,NAVER_FINANCE_ETF_ITEM_LIST,EXCLUDED_FROM_V1_0_STOCK_RANKING
20261007,498860,RISE 코리아금융고배당,2,국내 업종/테마,16280.0,16219.0,0.376102,5.0,0.03,-12.5237,4102.0,66.0,326.0,2,NAVER_FINANCE_ETF_ITEM_LIST,EXCLUDED_FROM_V1_0_STOCK_RANKING
20261007,105780,RISE 5대그룹주,2,국내 업종/테마,16275.0,16376.0,-0.616756,-460.0,-2.75,-15.6077,1690.0,27.0,326.0,5,NAVER_FINANCE_ETF_ITEM_LIST,EXCLUDED_FROM_V1_0_STOCK_RANKING
20261007,122260,KIWOOM 통안채1년,6,채권,104410.0,104430.0,-0.019152,35.0,0.03,0.646,12581.0,1313.0,324.0,2,NAVER_FINANCE_ETF_ITEM_LIST,EXCLUDED_FROM_V1_0_STOCK_RANKING
20261007,494340,ACE 글로벌AI맞춤형반도체,4,해외 주식,21570.0,21468.0,0.475126,340.0,1.6,-14.0312,17759.0,381.0,324.0,2,NAVER_FINANCE_ETF_ITEM_LIST,EXCLUDED_FROM_V1_0_STOCK_RANKING
20261007,217770,TIGER 원유선물인버스(H),5,원자재,1118.0,1118.0,0.0,-11.0,-0.97,-31.0324,300765.0,335.0,321.0,5,NAVER_FINANCE_ETF_ITEM_LIST,EXCLUDED_FROM_V1_0_STOCK_RANKING
20261007,452250,ACE 미국30년국채선물레버리지(합성 H),6,채권,4120.0,4133.0,-0.314541,-10.0,-0.24,-19.1781,219317.0,908.0,319.0,5,NAVER_FINANCE_ETF_ITEM_LIST,EXCLUDED_FROM_V1_0_STOCK_RANKING
20261007,261060,TIGER 코스닥150IT,2,국내 업종/테마,28980.0,28994.0,-0.048286,-1470.0,-4.83,22.9806,44109.0,1302.0,319.0,5,NAVER_FINANCE_ETF_ITEM_LIST,EXCLUDED_FROM_V1_0_STOCK_RANKING
20261007,261250,KODEX 미국달러선물레버리지,7,기타,15015.0,15023.0,-0.053252,-85.0,-0.56,-22.6038,72476.0,1086.0,318.0,5,NAVER_FINANCE_ETF_ITEM_LIST,EXCLUDED_FROM_V1_0_STOCK_RANKING
20261007,464920,PLUS 일본반도체소부장,4,해외 주식,26290.0,26261.0,0.11043,-880.0,-3.24,-8.7949,51699.0,1371.0,315.0,5,NAVER_FINANCE_ETF_ITEM_LIST,EXCLUDED_FROM_V1_0_STOCK_RANKING
20261007,395290,HANARO Fn K-POP&미디어,2,국내 업종/테마,4900.0,4890.0,0.204499,155.0,3.27,-15.7942,88207.0,429.0,314.0,2,NAVER_FINANCE_ETF_ITEM_LIST,EXCLUDED_FROM_V1_0_STOCK_RANKING
20261007,322400,HANARO e커머스,2,국내 업종/테마,9465.0,9479.0,-0.147695,-75.0,-0.79,-8.9261,5067.0,48.0,312.0,5,NAVER_FINANCE_ETF_ITEM_LIST,EXCLUDED_FROM_V1_0_STOCK_RANKING
20261007,156080,KODEX MSCI Korea,1,국내 시장지수,51960.0,51856.0,0.200555,-790.0,-1.5,-15.1697,4923.0,259.0,312.0,5,NAVER_FINANCE_ETF_ITEM_LIST,EXCLUDED_FROM_V1_0_STOCK_RANKING
20261007,261140,TIGER 우선주,2,국내 업종/테마,24285.0,24259.0,0.107177,-320.0,-1.3,-9.1571,7856.0,191.0,311.0,5,NAVER_FINANCE_ETF_ITEM_LIST,EXCLUDED_FROM_V1_0_STOCK_RANKING
20261007,275290,KODEX 가치주,2,국내 업종/테마,34530.0,34581.0,-0.14748,-340.0,-0.98,-12.5756,6583.0,228.0,311.0,5,NAVER_FINANCE_ETF_ITEM_LIST,EXCLUDED_FROM_V1_0_STOCK_RANKING
20261007,227540,TIGER 200 헬스케어,2,국내 업종/테마,18440.0,18481.0,-0.221849,-85.0,-0.46,2.0661,21258.0,392.0,310.0,5,NAVER_FINANCE_ETF_ITEM_LIST,EXCLUDED_FROM_V1_0_STOCK_RANKING
20261007,174360,RISE 중국본토대형주CSI100,4,해외 주식,22105.0,21388.0,3.352347,110.0,0.5,-18.4162,898.0,19.0,309.0,2,NAVER_FINANCE_ETF_ITEM_LIST,EXCLUDED_FROM_V1_0_STOCK_RANKING
20261007,387270,TIGER 글로벌이노베이션액티브,4,해외 주식,26480.0,26480.0,0.0,-80.0,-0.3,-9.6753,168.0,4.0,307.0,5,NAVER_FINANCE_ETF_ITEM_LIST,EXCLUDED_FROM_V1_0_STOCK_RANKING
20261007,395170,KODEX Top10동일가중,2,국내 업종/테마,15355.0,15302.0,0.34636,-130.0,-0.84,-19.4232,10138.0,156.0,307.0,5,NAVER_FINANCE_ETF_ITEM_LIST,EXCLUDED_FROM_V1_0_STOCK_RANKING
20261007,468630,KODEX iShares미국투자등급회사채액티브,6,채권,10140.0,10167.0,-0.265565,-15.0,-0.15,-16.6596,31969.0,324.0,305.0,5,NAVER_FINANCE_ETF_ITEM_LIST,EXCLUDED_FROM_V1_0_STOCK_RANKING
20261007,469790,KIWOOM 코리아테크TOP10,2,국내 업종/테마,43550.0,43817.0,-0.609353,-1680.0,-3.71,-11.4572,954.0,42.0,305.0,5,NAVER_FINANCE_ETF_ITEM_LIST,EXCLUDED_FROM_V1_0_STOCK_RANKING
20261007,459750,RISE 글로벌주식분산액티브,4,해외 주식,17370.0,17443.0,-0.418506,-55.0,-0.32,-10.6108,3287.0,57.0,304.0,5,NAVER_FINANCE_ETF_ITEM_LIST,EXCLUDED_FROM_V1_0_STOCK_RANKING
20261007,099140,KODEX 차이나H,4,해외 주식,19775.0,19833.0,-0.292442,-125.0,-0.63,-8.6125,7343.0,145.0,303.0,5,NAVER_FINANCE_ETF_ITEM_LIST,EXCLUDED_FROM_V1_0_STOCK_RANKING
20261007,459790,KIWOOM 미국성장기업30액티브,4,해외 주식,20780.0,20796.0,-0.076938,10.0,0.05,-10.954,237.0,4.0,301.0,2,NAVER_FINANCE_ETF_ITEM_LIST,EXCLUDED_FROM_V1_0_STOCK_RANKING
20261007,153270,KIWOOM 코스피100,1,국내 시장지수,83640.0,83459.0,0.216873,-1390.0,-1.63,-15.179,2464.0,207.0,301.0,5,NAVER_FINANCE_ETF_ITEM_LIST,EXCLUDED_FROM_V1_0_STOCK_RANKING
20261007,139270,TIGER 200 금융,2,국내 업종/테마,16355.0,16388.0,-0.201367,-45.0,-0.27,-6.512,21525.0,352.0,301.0,5,NAVER_FINANCE_ETF_ITEM_LIST,EXCLUDED_FROM_V1_0_STOCK_RANKING
20261007,426150,WON 대한민국국고채액티브,6,채권,51605.0,51543.0,0.120288,90.0,0.17,-0.1357,51.0,2.0,300.0,2,NAVER_FINANCE_ETF_ITEM_LIST,EXCLUDED_FROM_V1_0_STOCK_RANKING
20261007,465350,RISE 2차전지TOP10인버스(합성),3,국내 파생,14860.0,14959.0,-0.661809,235.0,1.61,-23.0669,112121.0,1657.0,297.0,2,NAVER_FINANCE_ETF_ITEM_LIST,EXCLUDED_FROM_V1_0_STOCK_RANKING
20261007,450190,KODEX 한중반도체(합성),4,해외 주식,48670.0,48650.0,0.04111,-1055.0,-2.12,-22.5816,553.0,26.0,292.0,5,NAVER_FINANCE_ETF_ITEM_LIST,EXCLUDED_FROM_V1_0_STOCK_RANKING
20261007,248270,TIGER S&P글로벌헬스케어(합성),4,해외 주식,25100.0,25110.0,-0.039825,10.0,0.04,-13.9428,1024.0,25.0,291.0,2,NAVER_FINANCE_ETF_ITEM_LIST,EXCLUDED_FROM_V1_0_STOCK_RANKING
20261007,192720,파워 고배당저변동성,2,국내 업종/테마,56960.0,56941.0,0.033368,155.0,0.27,-2.1068,778.0,44.0,290.0,2,NAVER_FINANCE_ETF_ITEM_LIST,EXCLUDED_FROM_V1_0_STOCK_RANKING
20261007,145850,TREX 펀더멘탈 200,2,국내 업종/테마,115900.0,115389.0,0.44285,-1450.0,-1.24,-8.2585,2.0,0.0,290.0,5,NAVER_FINANCE_ETF_ITEM_LIST,EXCLUDED_FROM_V1_0_STOCK_RANKING
20261007,289480,TIGER 200커버드콜,3,국내 파생,13150.0,13186.0,-0.273017,-240.0,-1.79,7.9817,30112.0,400.0,289.0,5,NAVER_FINANCE_ETF_ITEM_LIST,EXCLUDED_FROM_V1_0_STOCK_RANKING
20261007,476690,TIGER 글로벌비만치료제TOP2Plus,4,해외 주식,9605.0,9629.0,-0.249247,35.0,0.37,-20.7874,8124.0,78.0,288.0,2,NAVER_FINANCE_ETF_ITEM_LIST,EXCLUDED_FROM_V1_0_STOCK_RANKING
20261007,256440,ACE MSCI인도네시아(합성),4,해외 주식,4665.0,4702.0,-0.786899,-45.0,-0.96,-12.8585,16179.0,75.0,285.0,5,NAVER_FINANCE_ETF_ITEM_LIST,EXCLUDED_FROM_V1_0_STOCK_RANKING
20261007,253250,KIWOOM 200선물레버리지,3,국내 파생,97815.0,97817.0,-0.002045,-4160.0,-4.08,-36.3214,1342.0,134.0,284.0,5,NAVER_FINANCE_ETF_ITEM_LIST,EXCLUDED_FROM_V1_0_STOCK_RANKING
20261007,245350,TIGER 유로스탁스배당30,4,해외 주식,17600.0,17718.0,-0.665989,-75.0,-0.42,-12.3197,5601.0,98.0,282.0,5,NAVER_FINANCE_ETF_ITEM_LIST,EXCLUDED_FROM_V1_0_STOCK_RANKING
20261007,352560,KODEX 미국부동산리츠(H),7,기타,11310.0,11435.0,-1.093135,60.0,0.53,-9.985,127237.0,1444.0,277.0,2,NAVER_FINANCE_ETF_ITEM_LIST,EXCLUDED_FROM_V1_0_STOCK_RANKING
20261007,415920,PLUS 글로벌희토류&전략자원생산기업,5,원자재,5810.0,5799.0,0.189688,-40.0,-0.68,-33.5982,32879.0,190.0,276.0,5,NAVER_FINANCE_ETF_ITEM_LIST,EXCLUDED_FROM_V1_0_STOCK_RANKING
20261007,489290,WON 미국빌리어네어,4,해외 주식,14875.0,14911.0,-0.241432,95.0,0.64,-7.7692,2314.0,34.0,275.0,2,NAVER_FINANCE_ETF_ITEM_LIST,EXCLUDED_FROM_V1_0_STOCK_RANKING
20261007,496770,PLUS 글로벌방산,4,해외 주식,15230.0,15196.0,0.223743,-180.0,-1.17,-18.9161,4921.0,74.0,274.0,5,NAVER_FINANCE_ETF_ITEM_LIST,EXCLUDED_FROM_V1_0_STOCK_RANKING
20261007,117680,KODEX 철강,2,국내 업종/테마,11850.0,11885.0,-0.294489,-685.0,-5.46,9.7838,36885.0,444.0,274.0,5,NAVER_FINANCE_ETF_ITEM_LIST,EXCLUDED_FROM_V1_0_STOCK_RANKING
20261007,223190,KODEX 200가치저변동,2,국내 업종/테마,27340.0,27321.0,0.069544,-395.0,-1.42,-8.2147,480.0,13.0,273.0,5,NAVER_FINANCE_ETF_ITEM_LIST,EXCLUDED_FROM_V1_0_STOCK_RANKING
20261007,167860,KIWOOM 국고채10년레버리지,6,채권,91980.0,92013.0,-0.035864,-240.0,-0.26,-1.3163,3.0,0.0,267.0,5,NAVER_FINANCE_ETF_ITEM_LIST,EXCLUDED_FROM_V1_0_STOCK_RANKING
20261007,271060,KODEX 3대농산물선물(H),5,원자재,8820.0,8824.0,-0.045331,210.0,2.44,8.9873,14960.0,131.0,265.0,2,NAVER_FINANCE_ETF_ITEM_LIST,EXCLUDED_FROM_V1_0_STOCK_RANKING
20261007,415340,KODEX 차이나과창판STAR50(합성),4,해외 주식,12750.0,12853.0,-0.801369,0.0,0.0,-32.4504,2060.0,26.0,264.0,3,NAVER_FINANCE_ETF_ITEM_LIST,EXCLUDED_FROM_V1_0_STOCK_RANKING
20261007,481340,RISE 미국30년국채액티브,6,채권,7700.0,7736.0,-0.465357,-45.0,-0.58,-20.9878,54084.0,416.0,262.0,5,NAVER_FINANCE_ETF_ITEM_LIST,EXCLUDED_FROM_V1_0_STOCK_RANKING
20261007,139250,TIGER 200 에너지화학,2,국내 업종/테마,18430.0,18459.0,-0.157105,-85.0,-0.46,7.5438,30759.0,568.0,262.0,5,NAVER_FINANCE_ETF_ITEM_LIST,EXCLUDED_FROM_V1_0_STOCK_RANKING
20261007,277540,ACE 아시아TOP50,4,해외 주식,32230.0,32093.0,0.426884,-440.0,-1.35,-9.9256,1844.0,59.0,258.0,5,NAVER_FINANCE_ETF_ITEM_LIST,EXCLUDED_FROM_V1_0_STOCK_RANKING
20261007,483570,KCGI 미국S&P500 TOP10,4,해외 주식,16100.0,16098.0,0.012424,0.0,0.0,-2.9244,1828.0,29.0,258.0,3,NAVER_FINANCE_ETF_ITEM_LIST,EXCLUDED_FROM_V1_0_STOCK_RANKING
20261007,437350,RISE 미국단기투자등급회사채액티브,6,채권,11705.0,11711.0,-0.051234,-15.0,-0.13,-13.4417,5951.0,69.0,258.0,5,NAVER_FINANCE_ETF_ITEM_LIST,EXCLUDED_FROM_V1_0_STOCK_RANKING
20261007,475270,ACE 5월만기자동연장회사채AA-이상액티브,6,채권,10755.0,10762.0,-0.065044,5.0,0.05,0.7969,1.0,0.0,256.0,2,NAVER_FINANCE_ETF_ITEM_LIST,EXCLUDED_FROM_V1_0_STOCK_RANKING
20261007,476070,KODEX 글로벌비만치료제TOP2 Plus,4,해외 주식,9785.0,9811.0,-0.265009,-120.0,-1.21,-21.7553,7421.0,72.0,254.0,5,NAVER_FINANCE_ETF_ITEM_LIST,EXCLUDED_FROM_V1_0_STOCK_RANKING
20261007,475380,RISE 글로벌리얼티인컴,7,기타,9600.0,9557.0,0.449932,105.0,1.11,-16.0966,19424.0,185.0,254.0,2,NAVER_FINANCE_ETF_ITEM_LIST,EXCLUDED_FROM_V1_0_STOCK_RANKING
20261007,440340,TIGER 글로벌멀티에셋TIF액티브,7,기타,11300.0,11367.0,-0.589426,-35.0,-0.31,-13.6882,9840.0,111.0,254.0,5,NAVER_FINANCE_ETF_ITEM_LIST,EXCLUDED_FROM_V1_0_STOCK_RANKING
20261007,493420,SOL 미국배당다우존스2호,4,해외 주식,11855.0,11839.0,0.135147,-15.0,-0.13,-10.9529,15827.0,187.0,249.0,5,NAVER_FINANCE_ETF_ITEM_LIST,EXCLUDED_FROM_V1_0_STOCK_RANKING
20261007,292500,SOL KRX300,1,국내 시장지수,49555.0,49217.0,0.686755,-565.0,-1.13,-13.714,2.0,0.0,248.0,5,NAVER_FINANCE_ETF_ITEM_LIST,EXCLUDED_FROM_V1_0_STOCK_RANKING
20261007,368190,HANARO Fn K-뉴딜디지털플러스,2,국내 업종/테마,7725.0,7693.0,0.415963,-95.0,-1.21,4.6153,2712.0,20.0,247.0,5,NAVER_FINANCE_ETF_ITEM_LIST,EXCLUDED_FROM_V1_0_STOCK_RANKING
20261007,367740,HANARO Fn5G산업,2,국내 업종/테마,44840.0,45087.0,-0.54783,-1660.0,-3.57,3.6096,400.0,18.0,247.0,5,NAVER_FINANCE_ETF_ITEM_LIST,EXCLUDED_FROM_V1_0_STOCK_RANKING
20261007,496120,ACE 코리아밸류업,1,국내 시장지수,32800.0,32813.0,-0.039618,-590.0,-1.77,-14.6316,1173.0,38.0,246.0,5,NAVER_FINANCE_ETF_ITEM_LIST,EXCLUDED_FROM_V1_0_STOCK_RANKING
20261007,292160,TIGER KRX300,1,국내 시장지수,48500.0,48305.0,0.403685,-995.0,-2.01,-13.7157,13422.0,658.0,243.0,5,NAVER_FINANCE_ETF_ITEM_LIST,EXCLUDED_FROM_V1_0_STOCK_RANKING
20261007,245360,TIGER 차이나HSCEI,4,해외 주식,11480.0,11459.0,0.183262,-95.0,-0.82,-7.9743,6422.0,73.0,241.0,5,NAVER_FINANCE_ETF_ITEM_LIST,EXCLUDED_FROM_V1_0_STOCK_RANKING
20261007,159800,마이티 코스피100,1,국내 시장지수,86005.0,85900.0,0.122235,-1755.0,-2.0,-15.2283,80.0,6.0,241.0,5,NAVER_FINANCE_ETF_ITEM_LIST,EXCLUDED_FROM_V1_0_STOCK_RANKING
20261007,414270,ACE 글로벌자율주행액티브,4,해외 주식,11175.0,11182.0,-0.062601,5.0,0.04,-17.8979,26687.0,297.0,240.0,2,NAVER_FINANCE_ETF_ITEM_LIST,EXCLUDED_FROM_V1_0_STOCK_RANKING
20261007,479850,HANARO K-뷰티,2,국내 업종/테마,17635.0,17706.0,-0.400994,425.0,2.47,6.0708,88762.0,1561.0,238.0,2,NAVER_FINANCE_ETF_ITEM_LIST,EXCLUDED_FROM_V1_0_STOCK_RANKING
20261007,442550,RISE TDF2030액티브 적격,7,기타,14740.0,14683.0,0.388204,20.0,0.14,-4.9847,5479.0,80.0,236.0,2,NAVER_FINANCE_ETF_ITEM_LIST,EXCLUDED_FROM_V1_0_STOCK_RANKING
20261007,364690,KODEX 혁신기술테마액티브,1,국내 시장지수,38995.0,38951.0,0.112962,-905.0,-2.27,-14.4133,1223.0,48.0,234.0,5,NAVER_FINANCE_ETF_ITEM_LIST,EXCLUDED_FROM_V1_0_STOCK_RANKING
20261007,195970,PLUS 선진국MSCI(합성 H),4,해외 주식,15940.0,16033.0,-0.580054,-75.0,-0.47,-1.3855,8927.0,142.0,233.0,5,NAVER_FINANCE_ETF_ITEM_LIST,EXCLUDED_FROM_V1_0_STOCK_RANKING
20261007,300950,KODEX 게임산업,2,국내 업종/테마,5450.0,5430.0,0.368324,80.0,1.49,-8.5179,55726.0,303.0,229.0,2,NAVER_FINANCE_ETF_ITEM_LIST,EXCLUDED_FROM_V1_0_STOCK_RANKING
20261007,185680,KODEX 미국S&P바이오(합성),4,해외 주식,42900.0,43097.0,-0.457108,-1800.0,-4.03,-15.6684,1546.0,66.0,228.0,5,NAVER_FINANCE_ETF_ITEM_LIST,EXCLUDED_FROM_V1_0_STOCK_RANKING
20261007,138230,KIWOOM 미국달러선물,7,기타,15720.0,15749.0,-0.184139,-65.0,-0.41,-11.5934,1633.0,25.0,228.0,5,NAVER_FINANCE_ETF_ITEM_LIST,EXCLUDED_FROM_V1_0_STOCK_RANKING
20261007,469160,ACE 일본반도체,4,해외 주식,26725.0,26779.0,-0.201651,-340.0,-1.26,-17.7106,5340.0,142.0,227.0,5,NAVER_FINANCE_ETF_ITEM_LIST,EXCLUDED_FROM_V1_0_STOCK_RANKING
20261007,388280,RISE K엔터&여행레저,2,국내 업종/테마,6960.0,6945.0,0.215983,145.0,2.13,-18.9174,8949.0,61.0,226.0,2,NAVER_FINANCE_ETF_ITEM_LIST,EXCLUDED_FROM_V1_0_STOCK_RANKING
20261007,261120,TIGER 미국달러선물인버스2X,7,기타,5620.0,5633.0,-0.230783,15.0,0.27,29.4457,4872.0,27.0,225.0,2,NAVER_FINANCE_ETF_ITEM_LIST,EXCLUDED_FROM_V1_0_STOCK_RANKING
20261007,433220,에셋플러스 글로벌대장장이액티브,4,해외 주식,30060.0,30027.0,0.109901,165.0,0.55,-13.3981,191.0,5.0,222.0,2,NAVER_FINANCE_ETF_ITEM_LIST,EXCLUDED_FROM_V1_0_STOCK_RANKING
20261007,464600,SOL 자동차소부장Fn,2,국내 업종/테마,24660.0,24640.0,0.081169,-940.0,-3.67,-0.2339,5727.0,143.0,222.0,5,NAVER_FINANCE_ETF_ITEM_LIST,EXCLUDED_FROM_V1_0_STOCK_RANKING
20261007,376410,TIGER 탄소효율그린뉴딜,2,국내 업종/테마,24525.0,24483.0,0.171548,-360.0,-1.45,-12.0903,312.0,7.0,221.0,5,NAVER_FINANCE_ETF_ITEM_LIST,EXCLUDED_FROM_V1_0_STOCK_RANKING
20261007,447660,PLUS 애플채권혼합,7,기타,13785.0,13810.0,-0.181028,15.0,0.11,-1.0805,11784.0,162.0,221.0,2,NAVER_FINANCE_ETF_ITEM_LIST,EXCLUDED_FROM_V1_0_STOCK_RANKING
20261007,419430,KODEX 차이나2차전지MSCI(합성),4,해외 주식,7860.0,7856.0,0.050916,-20.0,-0.25,-29.737,1712.0,13.0,220.0,5,NAVER_FINANCE_ETF_ITEM_LIST,EXCLUDED_FROM_V1_0_STOCK_RANKING
20261007,375760,HANARO 탄소효율그린뉴딜,2,국내 업종/테마,24450.0,24367.0,0.340625,-320.0,-1.29,-13.0041,75.0,1.0,220.0,5,NAVER_FINANCE_ETF_ITEM_LIST,EXCLUDED_FROM_V1_0_STOCK_RANKING
20261007,239660,PLUS 우량회사채50,6,채권,122025.0,122024.0,0.00082,60.0,0.05,0.7434,3534.0,431.0,220.0,2,NAVER_FINANCE_ETF_ITEM_LIST,EXCLUDED_FROM_V1_0_STOCK_RANKING
20261007,304770,HANARO 코스닥150,1,국내 시장지수,15335.0,15394.0,-0.383266,-510.0,-3.22,7.4601,4943.0,76.0,218.0,5,NAVER_FINANCE_ETF_ITEM_LIST,EXCLUDED_FROM_V1_0_STOCK_RANKING
20261007,108590,TREX 200,1,국내 시장지수,108120.0,108119.0,0.000925,-2345.0,-2.12,-14.6952,50.0,5.0,216.0,5,NAVER_FINANCE_ETF_ITEM_LIST,EXCLUDED_FROM_V1_0_STOCK_RANKING
20261007,461450,KODEX 코스닥글로벌,1,국내 시장지수,16625.0,16635.0,-0.060114,-455.0,-2.66,7.3876,3553.0,60.0,216.0,5,NAVER_FINANCE_ETF_ITEM_LIST,EXCLUDED_FROM_V1_0_STOCK_RANKING
20261007,280930,KODEX 미국러셀2000(H),4,해외 주식,15935.0,15990.0,-0.343965,-185.0,-1.15,-5.1486,13634.0,217.0,215.0,5,NAVER_FINANCE_ETF_ITEM_LIST,EXCLUDED_FROM_V1_0_STOCK_RANKING
20261007,225130,ACE 골드선물 레버리지(합성 H),4,해외 주식,42770.0,42626.0,0.337822,10.0,0.02,-4.3187,399.0,17.0,214.0,2,NAVER_FINANCE_ETF_ITEM_LIST,EXCLUDED_FROM_V1_0_STOCK_RANKING
20261007,269420,KODEX S&P글로벌인프라(합성),4,해외 주식,20690.0,20698.0,-0.038651,230.0,1.12,-19.9061,2820.0,58.0,214.0,2,NAVER_FINANCE_ETF_ITEM_LIST,EXCLUDED_FROM_V1_0_STOCK_RANKING
20261007,411540,SOL 200 Top10,1,국내 시장지수,16365.0,16309.0,0.343369,-370.0,-2.21,-16.0421,9894.0,163.0,213.0,5,NAVER_FINANCE_ETF_ITEM_LIST,EXCLUDED_FROM_V1_0_STOCK_RANKING
20261007,471460,KIWOOM 국고채30년액티브,6,채권,46090.0,46000.0,0.195652,110.0,0.24,-1.023,1282.0,58.0,212.0,2,NAVER_FINANCE_ETF_ITEM_LIST,EXCLUDED_FROM_V1_0_STOCK_RANKING
20261007,300640,RISE 게임테마,2,국내 업종/테마,6460.0,6477.0,-0.262467,55.0,0.86,-4.1885,12298.0,79.0,210.0,2,NAVER_FINANCE_ETF_ITEM_LIST,EXCLUDED_FROM_V1_0_STOCK_RANKING
20261007,364990,TIGER 게임TOP10,2,국내 업종/테마,4600.0,4598.0,0.043497,85.0,1.88,-9.3374,245163.0,1132.0,209.0,2,NAVER_FINANCE_ETF_ITEM_LIST,EXCLUDED_FROM_V1_0_STOCK_RANKING
20261007,253290,RISE 헬스케어채권혼합,7,기타,11580.0,11651.0,-0.60939,-25.0,-0.22,-0.7696,8290.0,96.0,208.0,5,NAVER_FINANCE_ETF_ITEM_LIST,EXCLUDED_FROM_V1_0_STOCK_RANKING
20261007,371450,TIGER 글로벌클라우드컴퓨팅INDXX,4,해외 주식,13705.0,13717.0,-0.087483,-135.0,-0.98,6.4206,3495.0,48.0,208.0,5,NAVER_FINANCE_ETF_ITEM_LIST,EXCLUDED_FROM_V1_0_STOCK_RANKING
20261007,461600,SOL 미국30년국채액티브(H),6,채권,7845.0,7827.0,0.229973,-20.0,-0.25,-9.0752,8432.0,66.0,208.0,5,NAVER_FINANCE_ETF_ITEM_LIST,EXCLUDED_FROM_V1_0_STOCK_RANKING
20261007,152380,KODEX 국채선물10년,6,채권,64915.0,64918.0,-0.004621,50.0,0.08,-0.3916,2088.0,135.0,206.0,2,NAVER_FINANCE_ETF_ITEM_LIST,EXCLUDED_FROM_V1_0_STOCK_RANKING
20261007,337120,KODEX 멀티팩터,2,국내 업종/테마,34375.0,34368.0,0.020368,-605.0,-1.73,-14.2034,5305.0,184.0,206.0,5,NAVER_FINANCE_ETF_ITEM_LIST,EXCLUDED_FROM_V1_0_STOCK_RANKING
20261007,226980,KODEX 200 중소형,1,국내 시장지수,22800.0,22913.0,-0.49317,-505.0,-2.17,0.6995,5101.0,117.0,205.0,5,NAVER_FINANCE_ETF_ITEM_LIST,EXCLUDED_FROM_V1_0_STOCK_RANKING
20261007,404120,TIME K신재생에너지액티브,2,국내 업종/테마,25585.0,25738.0,-0.594452,-900.0,-3.4,-1.7801,3890.0,101.0,205.0,5,NAVER_FINANCE_ETF_ITEM_LIST,EXCLUDED_FROM_V1_0_STOCK_RANKING
20261007,289040,KODEX MSCI KOREA ESG유니버설,2,국내 업종/테마,33635.0,33548.0,0.25933,-670.0,-1.95,-11.3356,128.0,4.0,202.0,5,NAVER_FINANCE_ETF_ITEM_LIST,EXCLUDED_FROM_V1_0_STOCK_RANKING
20261007,204450,KODEX 차이나H레버리지(H),4,해외 주식,2100.0,2115.0,-0.70922,-10.0,-0.47,4.9751,18165.0,38.0,200.0,5,NAVER_FINANCE_ETF_ITEM_LIST,EXCLUDED_FROM_V1_0_STOCK_RANKING
20261007,289250,TIGER MSCI KOREA ESG유니버설,2,국내 업종/테마,34720.0,34918.0,-0.567043,-1005.0,-2.81,-12.4423,15.0,0.0,198.0,5,NAVER_FINANCE_ETF_ITEM_LIST,EXCLUDED_FROM_V1_0_STOCK_RANKING
20261007,417630,TIGER KEDI혁신기업ESG30,2,국내 업종/테마,18835.0,18761.0,0.394435,-355.0,-1.85,-6.6635,271.0,5.0,198.0,5,NAVER_FINANCE_ETF_ITEM_LIST,EXCLUDED_FROM_V1_0_STOCK_RANKING
20261007,489000,PLUS 일본엔화초단기국채(합성),6,채권,8970.0,8965.0,0.055772,-30.0,-0.33,-9.8648,48259.0,432.0,197.0,5,NAVER_FINANCE_ETF_ITEM_LIST,EXCLUDED_FROM_V1_0_STOCK_RANKING
20261007,463300,RISE 중국본토CSI300,4,해외 주식,12300.0,12276.0,0.195503,25.0,0.2,-19.1245,771.0,9.0,197.0,2,NAVER_FINANCE_ETF_ITEM_LIST,EXCLUDED_FROM_V1_0_STOCK_RANKING
20261007,477730,KODEX 인도타타그룹,4,해외 주식,6645.0,6619.0,0.392809,-80.0,-1.19,-18.0668,1606.0,10.0,196.0,5,NAVER_FINANCE_ETF_ITEM_LIST,EXCLUDED_FROM_V1_0_STOCK_RANKING
20261007,404260,KODEX 기후변화솔루션,2,국내 업종/테마,24365.0,24430.0,-0.266066,-735.0,-2.93,-3.0874,438.0,10.0,195.0,5,NAVER_FINANCE_ETF_ITEM_LIST,EXCLUDED_FROM_V1_0_STOCK_RANKING
20261007,379790,RISE 유로스탁스50(H),4,해외 주식,16880.0,17056.0,-1.031895,-85.0,-0.5,-3.085,6679.0,112.0,194.0,5,NAVER_FINANCE_ETF_ITEM_LIST,EXCLUDED_FROM_V1_0_STOCK_RANKING
20261007,091220,TIGER 은행,2,국내 업종/테마,16445.0,16455.0,-0.060772,50.0,0.3,-0.0798,26747.0,440.0,194.0,2,NAVER_FINANCE_ETF_ITEM_LIST,EXCLUDED_FROM_V1_0_STOCK_RANKING
20261007,461910,PLUS 미국테크TOP10레버리지(합성),4,해외 주식,38765.0,38755.0,0.025803,235.0,0.61,-3.7112,2031.0,79.0,194.0,2,NAVER_FINANCE_ETF_ITEM_LIST,EXCLUDED_FROM_V1_0_STOCK_RANKING
20261007,437070,KODEX 아시아달러채권ESG플러스액티브,6,채권,55820.0,55909.0,-0.159187,-125.0,-0.22,-14.8064,252.0,14.0,193.0,5,NAVER_FINANCE_ETF_ITEM_LIST,EXCLUDED_FROM_V1_0_STOCK_RANKING
20261007,456680,TIGER 차이나전기차레버리지(합성),4,해외 주식,4730.0,4752.0,-0.462963,-20.0,-0.42,-49.7621,4073.0,19.0,193.0,5,NAVER_FINANCE_ETF_ITEM_LIST,EXCLUDED_FROM_V1_0_STOCK_RANKING
20261007,304760,HANARO KRX300,1,국내 시장지수,47595.0,47373.0,0.468621,-480.0,-1.0,-14.6215,60.0,2.0,190.0,5,NAVER_FINANCE_ETF_ITEM_LIST,EXCLUDED_FROM_V1_0_STOCK_RANKING
20261007,497780,KoAct 미국천연가스인프라액티브,4,해외 주식,9940.0,9933.0,0.070472,85.0,0.86,-12.5602,21439.0,213.0,189.0,2,NAVER_FINANCE_ETF_ITEM_LIST,EXCLUDED_FROM_V1_0_STOCK_RANKING
20261007,228820,TIGER KTOP30,1,국내 시장지수,18880.0,18801.0,0.42019,-365.0,-1.9,-10.8333,13730.0,262.0,189.0,5,NAVER_FINANCE_ETF_ITEM_LIST,EXCLUDED_FROM_V1_0_STOCK_RANKING
20261007,169950,KODEX 차이나A50,4,해외 주식,23510.0,23860.0,-1.46689,-465.0,-1.94,-15.2678,326.0,7.0,188.0,5,NAVER_FINANCE_ETF_ITEM_LIST,EXCLUDED_FROM_V1_0_STOCK_RANKING
20261007,284980,RISE 200금융,2,국내 업종/테마,21795.0,21798.0,-0.013763,-150.0,-0.68,-5.9005,1308.0,28.0,187.0,5,NAVER_FINANCE_ETF_ITEM_LIST,EXCLUDED_FROM_V1_0_STOCK_RANKING
20261007,183710,RISE 주식혼합,7,기타,93335.0,93054.0,0.301975,-1205.0,-1.27,-10.9038,47.0,4.0,187.0,5,NAVER_FINANCE_ETF_ITEM_LIST,EXCLUDED_FROM_V1_0_STOCK_RANKING
20261007,381560,HANARO Fn전기&수소차,2,국내 업종/테마,17770.0,17707.0,0.355791,-485.0,-2.66,-3.1869,5635.0,101.0,187.0,5,NAVER_FINANCE_ETF_ITEM_LIST,EXCLUDED_FROM_V1_0_STOCK_RANKING
20261007,229720,KODEX KTOP30,1,국내 시장지수,37290.0,37255.0,0.093947,-895.0,-2.34,-10.2761,1983.0,75.0,186.0,5,NAVER_FINANCE_ETF_ITEM_LIST,EXCLUDED_FROM_V1_0_STOCK_RANKING
20261007,465670,TIGER 미국캐시카우100,4,해외 주식,15535.0,15637.0,-0.652299,20.0,0.13,-6.1392,9340.0,144.0,186.0,2,NAVER_FINANCE_ETF_ITEM_LIST,EXCLUDED_FROM_V1_0_STOCK_RANKING
20261007,487950,KODEX 대만테크고배당다우존스,4,해외 주식,12835.0,12823.0,0.093582,-145.0,-1.12,-9.8942,6605.0,85.0,186.0,5,NAVER_FINANCE_ETF_ITEM_LIST,EXCLUDED_FROM_V1_0_STOCK_RANKING
20261007,438320,TIGER 차이나항셍테크레버리지(합성 H),4,해외 주식,4290.0,4300.0,-0.232558,-40.0,-0.92,-16.0039,21046.0,91.0,185.0,5,NAVER_FINANCE_ETF_ITEM_LIST,EXCLUDED_FROM_V1_0_STOCK_RANKING
20261007,461900,PLUS 미국테크TOP10,4,해외 주식,23110.0,23135.0,-0.108061,25.0,0.11,-1.5985,13176.0,305.0,185.0,2,NAVER_FINANCE_ETF_ITEM_LIST,EXCLUDED_FROM_V1_0_STOCK_RANKING
20261007,445910,TIGER MKF배당귀족,2,국내 업종/테마,20505.0,20496.0,0.043911,-75.0,-0.36,0.4714,1551.0,31.0,185.0,5,NAVER_FINANCE_ETF_ITEM_LIST,EXCLUDED_FROM_V1_0_STOCK_RANKING
20261007,276000,TIGER 글로벌자원생산기업(합성 H),4,해외 주식,20500.0,20453.0,0.229795,130.0,0.64,8.0063,507.0,10.0,185.0,2,NAVER_FINANCE_ETF_ITEM_LIST,EXCLUDED_FROM_V1_0_STOCK_RANKING
20261007,213630,PLUS 미국다우존스고배당주(합성 H),4,해외 주식,19975.0,19959.0,0.080164,75.0,0.38,-4.2579,1347.0,26.0,184.0,2,NAVER_FINANCE_ETF_ITEM_LIST,EXCLUDED_FROM_V1_0_STOCK_RANKING
20261007,416090,ACE 중국과창판STAR50,4,해외 주식,11455.0,11589.0,-1.156269,5.0,0.04,-32.8052,9320.0,106.0,183.0,2,NAVER_FINANCE_ETF_ITEM_LIST,EXCLUDED_FROM_V1_0_STOCK_RANKING
20261007,385600,ACE 2차전지&친환경차액티브,2,국내 업종/테마,12025.0,12102.0,-0.636258,-415.0,-3.34,0.2821,8713.0,105.0,180.0,5,NAVER_FINANCE_ETF_ITEM_LIST,EXCLUDED_FROM_V1_0_STOCK_RANKING
20261007,445690,BNK 주주가치액티브,2,국내 업종/테마,30025.0,29881.0,0.481912,-325.0,-1.07,-11.3481,11.0,0.0,180.0,5,NAVER_FINANCE_ETF_ITEM_LIST,EXCLUDED_FROM_V1_0_STOCK_RANKING
20261007,195920,TIGER 일본TOPIX(합성 H),4,해외 주식,35975.0,36064.0,-0.246783,30.0,0.08,2.0005,634.0,22.0,180.0,2,NAVER_FINANCE_ETF_ITEM_LIST,EXCLUDED_FROM_V1_0_STOCK_RANKING
20261007,449580,RISE 테슬라애플아마존채권혼합,7,기타,16210.0,16196.0,0.086441,-5.0,-0.03,-3.4386,3687.0,59.0,178.0,5,NAVER_FINANCE_ETF_ITEM_LIST,EXCLUDED_FROM_V1_0_STOCK_RANKING
20261007,227830,PLUS 코스피,1,국내 시장지수,71065.0,70757.0,0.435293,-1035.0,-1.44,-13.1913,239.0,17.0,178.0,5,NAVER_FINANCE_ETF_ITEM_LIST,EXCLUDED_FROM_V1_0_STOCK_RANKING
20261007,407310,HANARO 200 TOP10,1,국내 시장지수,16035.0,15976.0,0.369304,-270.0,-1.66,-16.3745,2053.0,33.0,176.0,5,NAVER_FINANCE_ETF_ITEM_LIST,EXCLUDED_FROM_V1_0_STOCK_RANKING
20261007,225060,TIGER 이머징마켓MSCI레버리지(합성 H),4,해외 주식,16615.0,16783.0,-1.001013,-160.0,-0.95,0.3289,110.0,1.0,176.0,5,NAVER_FINANCE_ETF_ITEM_LIST,EXCLUDED_FROM_V1_0_STOCK_RANKING
20261007,391670,HK 베스트일레븐액티브,1,국내 시장지수,29075.0,29022.0,0.18262,-370.0,-1.26,-15.2052,1030.0,30.0,174.0,5,NAVER_FINANCE_ETF_ITEM_LIST,EXCLUDED_FROM_V1_0_STOCK_RANKING
20261007,292050,RISE KRX300,1,국내 시장지수,49540.0,49477.0,0.127332,-945.0,-1.87,-14.0242,2739.0,138.0,173.0,5,NAVER_FINANCE_ETF_ITEM_LIST,EXCLUDED_FROM_V1_0_STOCK_RANKING
20261007,289260,TIGER MSCI KOREA ESG리더스,2,국내 업종/테마,28885.0,28881.0,0.01385,-615.0,-2.08,-10.8223,7.0,0.0,173.0,5,NAVER_FINANCE_ETF_ITEM_LIST,EXCLUDED_FROM_V1_0_STOCK_RANKING
20261007,477490,에셋플러스 글로벌일등기업포커스10액티브,4,해외 주식,19000.0,18995.0,0.026323,0.0,0.0,-11.669,86.0,1.0,171.0,3,NAVER_FINANCE_ETF_ITEM_LIST,EXCLUDED_FROM_V1_0_STOCK_RANKING
20261007,457690,KODEX 33-06 국고채액티브,6,채권,10530.0,10526.0,0.038001,5.0,0.05,0.238,5903.0,62.0,171.0,2,NAVER_FINANCE_ETF_ITEM_LIST,EXCLUDED_FROM_V1_0_STOCK_RANKING
20261007,468370,KODEX iShares미국인플레이션국채액티브,6,채권,10035.0,10054.0,-0.18898,-30.0,-0.3,-15.0061,15070.0,151.0,168.0,5,NAVER_FINANCE_ETF_ITEM_LIST,EXCLUDED_FROM_V1_0_STOCK_RANKING
20261007,176950,KODEX 국채선물10년인버스,6,채권,60645.0,60638.0,0.011544,95.0,0.16,1.1949,2171.0,131.0,167.0,2,NAVER_FINANCE_ETF_ITEM_LIST,EXCLUDED_FROM_V1_0_STOCK_RANKING
20261007,488290,MIDAS 일본테크액티브,4,해외 주식,47570.0,47454.0,0.244447,-1000.0,-2.06,-13.6227,916.0,43.0,166.0,5,NAVER_FINANCE_ETF_ITEM_LIST,EXCLUDED_FROM_V1_0_STOCK_RANKING
20261007,451600,PLUS 국고채30년액티브,6,채권,85720.0,85522.0,0.231519,115.0,0.13,-0.9889,5036.0,431.0,166.0,2,NAVER_FINANCE_ETF_ITEM_LIST,EXCLUDED_FROM_V1_0_STOCK_RANKING
20261007,460660,RISE 미국S&P배당킹,4,해외 주식,10990.0,10941.0,0.447857,15.0,0.14,-17.1824,3075.0,33.0,165.0,2,NAVER_FINANCE_ETF_ITEM_LIST,EXCLUDED_FROM_V1_0_STOCK_RANKING
20261007,219390,RISE 미국S&P원유생산기업(합성 H),4,해외 주식,8215.0,8292.0,-0.928606,55.0,0.67,19.2111,22955.0,188.0,164.0,2,NAVER_FINANCE_ETF_ITEM_LIST,EXCLUDED_FROM_V1_0_STOCK_RANKING
20261007,494420,PLUS 미국배당증가성장주데일리커버드콜,2,국내 업종/테마,8645.0,8633.0,0.139002,-40.0,-0.46,-12.6038,10802.0,93.0,164.0,5,NAVER_FINANCE_ETF_ITEM_LIST,EXCLUDED_FROM_V1_0_STOCK_RANKING
20261007,483330,ACE 마이크로소프트밸류체인액티브,4,해외 주식,15505.0,15490.0,0.096837,80.0,0.52,4.7894,16496.0,255.0,163.0,2,NAVER_FINANCE_ETF_ITEM_LIST,EXCLUDED_FROM_V1_0_STOCK_RANKING
20261007,250730,RISE 차이나HSCEI(H),4,해외 주식,9510.0,9602.0,-0.958134,35.0,0.37,2.5988,1012.0,9.0,162.0,2,NAVER_FINANCE_ETF_ITEM_LIST,EXCLUDED_FROM_V1_0_STOCK_RANKING
20261007,474920,에셋플러스 차이나일등기업포커스10액티브,4,해외 주식,17175.0,17196.0,-0.122121,-250.0,-1.43,-14.6043,394.0,6.0,161.0,5,NAVER_FINANCE_ETF_ITEM_LIST,EXCLUDED_FROM_V1_0_STOCK_RANKING
20261007,419650,PLUS 글로벌수소&차세대연료전지,4,해외 주식,4880.0,4786.0,1.964062,75.0,1.56,-27.197,6674.0,32.0,161.0,2,NAVER_FINANCE_ETF_ITEM_LIST,EXCLUDED_FROM_V1_0_STOCK_RANKING
20261007,415760,SOL 차이나육성산업액티브(합성),4,해외 주식,11795.0,11950.0,-1.297071,-40.0,-0.34,-31.7278,3490.0,41.0,160.0,5,NAVER_FINANCE_ETF_ITEM_LIST,EXCLUDED_FROM_V1_0_STOCK_RANKING
20261007,131890,ACE 삼성그룹동일가중,2,국내 업종/테마,39650.0,39669.0,-0.047896,-350.0,-0.87,-6.5093,807.0,32.0,159.0,5,NAVER_FINANCE_ETF_ITEM_LIST,EXCLUDED_FROM_V1_0_STOCK_RANKING
20261007,265690,ACE 러시아MSCI(합성),4,해외 주식,8535.0,48.0,17681.25,0.0,0.0,0.0,0.0,0.0,158.0,3,NAVER_FINANCE_ETF_ITEM_LIST,EXCLUDED_FROM_V1_0_STOCK_RANKING
20261007,432840,HANARO 미국S&P500,4,해외 주식,19525.0,19495.0,0.153886,50.0,0.26,-8.9212,586.0,11.0,156.0,2,NAVER_FINANCE_ETF_ITEM_LIST,EXCLUDED_FROM_V1_0_STOCK_RANKING
20261007,484890,SOL 머니마켓액티브,6,채권,52705.0,52700.0,0.009488,20.0,0.04,0.7361,12157.0,640.0,155.0,2,NAVER_FINANCE_ETF_ITEM_LIST,EXCLUDED_FROM_V1_0_STOCK_RANKING
20261007,387280,TIGER 퓨처모빌리티액티브,2,국내 업종/테마,11990.0,12015.0,-0.208073,-355.0,-2.88,0.5702,12221.0,147.0,152.0,5,NAVER_FINANCE_ETF_ITEM_LIST,EXCLUDED_FROM_V1_0_STOCK_RANKING
20261007,332620,PLUS 미국장기우량회사채,6,채권,81275.0,81335.0,-0.073769,-200.0,-0.25,-19.0811,674.0,54.0,152.0,5,NAVER_FINANCE_ETF_ITEM_LIST,EXCLUDED_FROM_V1_0_STOCK_RANKING
20261007,244620,KODEX 모멘텀Plus,2,국내 업종/테마,21575.0,21708.0,-0.612677,-495.0,-2.24,-4.3139,2496.0,54.0,151.0,5,NAVER_FINANCE_ETF_ITEM_LIST,EXCLUDED_FROM_V1_0_STOCK_RANKING
20261007,491510,파워 K-주주가치액티브,2,국내 업종/테마,17730.0,17785.0,-0.309249,-10.0,-0.06,-1.5354,79.0,1.0,151.0,5,NAVER_FINANCE_ETF_ITEM_LIST,EXCLUDED_FROM_V1_0_STOCK_RANKING
20261007,413930,WON AI ESG액티브,2,국내 업종/테마,27390.0,27380.0,0.036523,-440.0,-1.58,-16.3888,5224.0,143.0,151.0,5,NAVER_FINANCE_ETF_ITEM_LIST,EXCLUDED_FROM_V1_0_STOCK_RANKING
20261007,114460,ACE 국고채3년,6,채권,100330.0,100383.0,-0.052798,-85.0,-0.08,0.5792,110.0,11.0,150.0,5,NAVER_FINANCE_ETF_ITEM_LIST,EXCLUDED_FROM_V1_0_STOCK_RANKING
20261007,130680,TIGER 원유선물Enhanced(H),5,원자재,7710.0,7728.0,-0.232919,90.0,1.18,36.8043,23772.0,183.0,150.0,2,NAVER_FINANCE_ETF_ITEM_LIST,EXCLUDED_FROM_V1_0_STOCK_RANKING
20261007,337150,KODEX 200exTOP,2,국내 업종/테마,24760.0,24743.0,0.068706,-365.0,-1.45,-9.1138,116.0,2.0,149.0,5,NAVER_FINANCE_ETF_ITEM_LIST,EXCLUDED_FROM_V1_0_STOCK_RANKING
20261007,453010,PLUS KOFR금리,7,기타,110165.0,110174.0,-0.008169,5.0,0.0,0.6993,140.0,15.0,148.0,2,NAVER_FINANCE_ETF_ITEM_LIST,EXCLUDED_FROM_V1_0_STOCK_RANKING
20261007,404650,SOL KRX기후변화솔루션,2,국내 업종/테마,24120.0,24220.0,-0.412882,-815.0,-3.27,-3.715,1157.0,28.0,145.0,5,NAVER_FINANCE_ETF_ITEM_LIST,EXCLUDED_FROM_V1_0_STOCK_RANKING
20261007,487750,BNK 온디바이스AI,2,국내 업종/테마,36165.0,36035.0,0.36076,-1030.0,-2.77,3.2047,2996.0,108.0,145.0,5,NAVER_FINANCE_ETF_ITEM_LIST,EXCLUDED_FROM_V1_0_STOCK_RANKING
20261007,104520,KIWOOM 블루칩,2,국내 업종/테마,14465.0,14474.0,-0.06218,-190.0,-1.3,-4.5707,371.0,5.0,145.0,5,NAVER_FINANCE_ETF_ITEM_LIST,EXCLUDED_FROM_V1_0_STOCK_RANKING
20261007,234310,RISE V&S셀렉트밸류,2,국내 업종/테마,28440.0,28403.0,0.130268,-335.0,-1.16,-5.8564,15.0,0.0,142.0,5,NAVER_FINANCE_ETF_ITEM_LIST,EXCLUDED_FROM_V1_0_STOCK_RANKING
20261007,373490,KODEX 코리아혁신성장액티브,2,국내 업종/테마,25850.0,25792.0,0.224876,-550.0,-2.08,-7.1567,161.0,4.0,142.0,5,NAVER_FINANCE_ETF_ITEM_LIST,EXCLUDED_FROM_V1_0_STOCK_RANKING
20261007,438900,HANARO Fn K-푸드,2,국내 업종/테마,10785.0,10828.0,-0.397119,45.0,0.42,0.7011,14927.0,161.0,140.0,2,NAVER_FINANCE_ETF_ITEM_LIST,EXCLUDED_FROM_V1_0_STOCK_RANKING
20261007,453630,KODEX 미국S&P500필수소비재,4,해외 주식,11640.0,11639.0,0.008592,95.0,0.82,-16.0476,4717.0,54.0,140.0,2,NAVER_FINANCE_ETF_ITEM_LIST,EXCLUDED_FROM_V1_0_STOCK_RANKING
20261007,360150,KODEX 코스닥150롱코스피200숏선물,2,국내 업종/테마,3385.0,3388.0,-0.088548,-40.0,-1.17,21.2389,39281.0,133.0,139.0,5,NAVER_FINANCE_ETF_ITEM_LIST,EXCLUDED_FROM_V1_0_STOCK_RANKING
20261007,236350,TIGER 인도니프티50레버리지(합성),4,해외 주식,21880.0,21900.0,-0.091324,-120.0,-0.55,-38.1676,340.0,7.0,136.0,5,NAVER_FINANCE_ETF_ITEM_LIST,EXCLUDED_FROM_V1_0_STOCK_RANKING
20261007,137610,TIGER 농산물선물Enhanced(H),5,원자재,5865.0,5846.0,0.325009,125.0,2.18,11.5646,12934.0,75.0,135.0,2,NAVER_FINANCE_ETF_ITEM_LIST,EXCLUDED_FROM_V1_0_STOCK_RANKING
20261007,496130,TRUSTON 코리아밸류업액티브,1,국내 시장지수,24765.0,24922.0,-0.629965,-380.0,-1.51,-15.9171,124.0,3.0,134.0,5,NAVER_FINANCE_ETF_ITEM_LIST,EXCLUDED_FROM_V1_0_STOCK_RANKING
20261007,472720,TRUSTON 주주가치액티브,1,국내 시장지수,25215.0,25126.0,0.354215,-155.0,-0.61,-12.6979,503.0,12.0,131.0,5,NAVER_FINANCE_ETF_ITEM_LIST,EXCLUDED_FROM_V1_0_STOCK_RANKING
20261007,279540,KODEX 최소변동성,2,국내 업종/테마,21715.0,21761.0,-0.211387,-350.0,-1.59,-4.2245,161.0,3.0,130.0,5,NAVER_FINANCE_ETF_ITEM_LIST,EXCLUDED_FROM_V1_0_STOCK_RANKING
20261007,102960,KODEX 기계장비,2,국내 업종/테마,13000.0,13083.0,-0.634411,-650.0,-4.76,-9.0304,6352.0,84.0,130.0,5,NAVER_FINANCE_ETF_ITEM_LIST,EXCLUDED_FROM_V1_0_STOCK_RANKING
20261007,300610,TIGER K게임,2,국내 업종/테마,5500.0,5488.0,0.218659,70.0,1.29,-3.8939,32718.0,179.0,129.0,2,NAVER_FINANCE_ETF_ITEM_LIST,EXCLUDED_FROM_V1_0_STOCK_RANKING
20261007,363510,SOL KIS단기통안채,6,채권,112440.0,112440.0,0.0,30.0,0.03,0.5906,4.0,0.0,128.0,2,NAVER_FINANCE_ETF_ITEM_LIST,EXCLUDED_FROM_V1_0_STOCK_RANKING
20261007,290080,RISE 200고배당커버드콜ATM,3,국내 파생,7320.0,7339.0,-0.258891,30.0,0.41,17.4605,6563.0,48.0,128.0,2,NAVER_FINANCE_ETF_ITEM_LIST,EXCLUDED_FROM_V1_0_STOCK_RANKING
20261007,489860,KIWOOM 글로벌전력GRID인프라,4,해외 주식,14945.0,14896.0,0.328947,125.0,0.84,-13.4485,3770.0,56.0,127.0,2,NAVER_FINANCE_ETF_ITEM_LIST,EXCLUDED_FROM_V1_0_STOCK_RANKING
20261007,140710,KODEX 운송,2,국내 업종/테마,6680.0,6659.0,0.315363,-20.0,-0.3,8.225,9410.0,62.0,127.0,5,NAVER_FINANCE_ETF_ITEM_LIST,EXCLUDED_FROM_V1_0_STOCK_RANKING
20261007,417450,RISE 글로벌수소경제,4,해외 주식,15850.0,15895.0,-0.283108,60.0,0.38,-18.4033,2785.0,44.0,127.0,2,NAVER_FINANCE_ETF_ITEM_LIST,EXCLUDED_FROM_V1_0_STOCK_RANKING
20261007,485810,TIME 글로벌바이오액티브,4,해외 주식,11425.0,11417.0,0.070071,-330.0,-2.81,-3.3306,14007.0,159.0,126.0,5,NAVER_FINANCE_ETF_ITEM_LIST,EXCLUDED_FROM_V1_0_STOCK_RANKING
20261007,166400,TIGER 200커버드콜OTM,3,국내 파생,24750.0,24727.0,0.093016,-455.0,-1.81,3.6888,1965.0,49.0,124.0,5,NAVER_FINANCE_ETF_ITEM_LIST,EXCLUDED_FROM_V1_0_STOCK_RANKING
20261007,453060,HANARO KOFR금리액티브(합성),6,채권,111765.0,111746.0,0.017003,25.0,0.02,0.7256,732.0,81.0,123.0,2,NAVER_FINANCE_ETF_ITEM_LIST,EXCLUDED_FROM_V1_0_STOCK_RANKING
20261007,457700,KODEX 53-09 국고채액티브,6,채권,9305.0,9313.0,-0.085901,55.0,0.59,-0.9636,810.0,7.0,123.0,2,NAVER_FINANCE_ETF_ITEM_LIST,EXCLUDED_FROM_V1_0_STOCK_RANKING
20261007,453820,KODEX 인도Nifty50레버리지(합성),4,해외 주식,9445.0,9370.0,0.800427,-80.0,-0.84,-34.4009,3766.0,35.0,123.0,5,NAVER_FINANCE_ETF_ITEM_LIST,EXCLUDED_FROM_V1_0_STOCK_RANKING
20261007,404540,TIGER KRX기후변화솔루션,2,국내 업종/테마,24395.0,24426.0,-0.126914,-740.0,-2.94,-2.6905,773.0,19.0,122.0,5,NAVER_FINANCE_ETF_ITEM_LIST,EXCLUDED_FROM_V1_0_STOCK_RANKING
20261007,435550,KIWOOM TDF2050액티브 적격,7,기타,17290.0,17269.0,0.121605,-25.0,-0.14,-10.887,661.0,11.0,121.0,5,NAVER_FINANCE_ETF_ITEM_LIST,EXCLUDED_FROM_V1_0_STOCK_RANKING
20261007,251590,PLUS 고배당저변동50,2,국내 업종/테마,17200.0,17224.0,-0.13934,40.0,0.23,2.1185,2717.0,46.0,120.0,2,NAVER_FINANCE_ETF_ITEM_LIST,EXCLUDED_FROM_V1_0_STOCK_RANKING
20261007,140580,RISE 우량업종대표주,2,국내 업종/테마,24065.0,24088.0,-0.095483,-20.0,-0.08,-8.0901,568.0,13.0,120.0,5,NAVER_FINANCE_ETF_ITEM_LIST,EXCLUDED_FROM_V1_0_STOCK_RANKING
20261007,395760,PLUS ESG성장주액티브,2,국내 업종/테마,21650.0,21604.0,0.212924,-320.0,-1.46,-10.4363,36.0,0.0,119.0,5,NAVER_FINANCE_ETF_ITEM_LIST,EXCLUDED_FROM_V1_0_STOCK_RANKING
20261007,409810,KODEX 미국나스닥100선물인버스(H),4,해외 주식,5255.0,5247.0,0.152468,5.0,0.1,-4.8914,43162.0,226.0,118.0,2,NAVER_FINANCE_ETF_ITEM_LIST,EXCLUDED_FROM_V1_0_STOCK_RANKING
20261007,396510,TIGER 차이나클린에너지SOLACTIVE,4,해외 주식,6540.0,6612.0,-1.088929,-20.0,-0.3,-25.8339,437.0,2.0,118.0,5,NAVER_FINANCE_ETF_ITEM_LIST,EXCLUDED_FROM_V1_0_STOCK_RANKING
20261007,282000,RISE 국고채3년선물인버스,3,국내 파생,115135.0,115141.0,-0.005211,105.0,0.09,0.5243,6.0,0.0,117.0,2,NAVER_FINANCE_ETF_ITEM_LIST,EXCLUDED_FROM_V1_0_STOCK_RANKING
20261007,400570,KODEX 유럽탄소배출권선물ICE(H),4,해외 주식,11560.0,11620.0,-0.516351,105.0,0.92,3.1517,1190.0,13.0,117.0,2,NAVER_FINANCE_ETF_ITEM_LIST,EXCLUDED_FROM_V1_0_STOCK_RANKING
20261007,332610,PLUS 미국단기회사채(AAA~A),6,채권,121405.0,121441.0,-0.029644,-215.0,-0.18,-11.9331,129.0,15.0,117.0,5,NAVER_FINANCE_ETF_ITEM_LIST,EXCLUDED_FROM_V1_0_STOCK_RANKING
20261007,266410,KODEX 필수소비재,2,국내 업종/테마,9650.0,9636.0,0.145289,220.0,2.33,4.0315,17046.0,163.0,116.0,2,NAVER_FINANCE_ETF_ITEM_LIST,EXCLUDED_FROM_V1_0_STOCK_RANKING
20261007,464610,SOL 의료기기소부장Fn,2,국내 업종/테마,7100.0,7069.0,0.438534,80.0,1.14,-12.6866,16967.0,119.0,114.0,2,NAVER_FINANCE_ETF_ITEM_LIST,EXCLUDED_FROM_V1_0_STOCK_RANKING
20261007,446700,RISE 배터리 리사이클링,2,국내 업종/테마,10910.0,10923.0,-0.119015,-260.0,-2.33,14.6228,10022.0,110.0,113.0,5,NAVER_FINANCE_ETF_ITEM_LIST,EXCLUDED_FROM_V1_0_STOCK_RANKING
20261007,430500,KIWOOM 물가채KIS,7,기타,112855.0,112850.0,0.004431,-170.0,-0.15,0.124,83.0,9.0,113.0,5,NAVER_FINANCE_ETF_ITEM_LIST,EXCLUDED_FROM_V1_0_STOCK_RANKING
20261007,428560,KODEX 미국ETF산업Top10 Indxx,4,해외 주식,15040.0,15009.0,0.206543,75.0,0.5,-9.1374,1716.0,25.0,113.0,2,NAVER_FINANCE_ETF_ITEM_LIST,EXCLUDED_FROM_V1_0_STOCK_RANKING
20261007,453660,KODEX 미국S&P500경기소비재,4,해외 주식,16105.0,16212.0,-0.660005,100.0,0.62,-17.1645,1081.0,17.0,113.0,2,NAVER_FINANCE_ETF_ITEM_LIST,EXCLUDED_FROM_V1_0_STOCK_RANKING
20261007,269370,TIGER S&P글로벌인프라(합성),4,해외 주식,16000.0,15934.0,0.414209,220.0,1.39,-19.0748,103.0,1.0,112.0,2,NAVER_FINANCE_ETF_ITEM_LIST,EXCLUDED_FROM_V1_0_STOCK_RANKING
20261007,448490,HANARO 32-10 국고채액티브,6,채권,53085.0,53092.0,-0.013185,-30.0,-0.06,0.1602,1068.0,56.0,111.0,5,NAVER_FINANCE_ETF_ITEM_LIST,EXCLUDED_FROM_V1_0_STOCK_RANKING
20261007,269530,PLUS S&P글로벌인프라,4,해외 주식,18560.0,18604.0,-0.236508,180.0,0.98,-18.5766,260.0,4.0,111.0,2,NAVER_FINANCE_ETF_ITEM_LIST,EXCLUDED_FROM_V1_0_STOCK_RANKING
20261007,252650,KODEX 200동일가중,1,국내 시장지수,18425.0,18425.0,0.0,-165.0,-0.89,-0.1673,476.0,8.0,111.0,5,NAVER_FINANCE_ETF_ITEM_LIST,EXCLUDED_FROM_V1_0_STOCK_RANKING
20261007,410870,TIME K컬처액티브,2,국내 업종/테마,9160.0,9150.0,0.10929,290.0,3.27,-15.2008,13195.0,120.0,110.0,2,NAVER_FINANCE_ETF_ITEM_LIST,EXCLUDED_FROM_V1_0_STOCK_RANKING
20261007,407820,에셋플러스 코리아플랫폼액티브,2,국내 업종/테마,6090.0,6094.0,-0.065638,20.0,0.33,-13.7785,364.0,2.0,110.0,2,NAVER_FINANCE_ETF_ITEM_LIST,EXCLUDED_FROM_V1_0_STOCK_RANKING
20261007,419420,KODEX 미국클린에너지나스닥,4,해외 주식,8945.0,8937.0,0.089515,45.0,0.51,-22.7339,6626.0,59.0,107.0,2,NAVER_FINANCE_ETF_ITEM_LIST,EXCLUDED_FROM_V1_0_STOCK_RANKING
20261007,354240,RISE 미국고정배당우선증권,7,기타,9730.0,9742.0,-0.123178,-95.0,-0.97,-18.5324,4995.0,48.0,107.0,5,NAVER_FINANCE_ETF_ITEM_LIST,EXCLUDED_FROM_V1_0_STOCK_RANKING
20261007,385710,TIME K이노베이션액티브,2,국내 업종/테마,10630.0,10609.0,0.197945,-25.0,-0.23,-9.7034,1935.0,20.0,106.0,5,NAVER_FINANCE_ETF_ITEM_LIST,EXCLUDED_FROM_V1_0_STOCK_RANKING
20261007,252000,TIGER 200동일가중,1,국내 시장지수,19260.0,19276.0,-0.083005,-175.0,-0.9,-0.0051,124.0,2.0,106.0,5,NAVER_FINANCE_ETF_ITEM_LIST,EXCLUDED_FROM_V1_0_STOCK_RANKING
20261007,482030,KoAct 반도체&2차전지핵심소재액티브,2,국내 업종/테마,10080.0,10149.0,-0.67987,-395.0,-3.77,12.453,49366.0,503.0,106.0,5,NAVER_FINANCE_ETF_ITEM_LIST,EXCLUDED_FROM_V1_0_STOCK_RANKING
20261007,140570,RISE 수출주,2,국내 업종/테마,26065.0,26071.0,-0.023014,-535.0,-2.01,-0.9496,419.0,11.0,104.0,5,NAVER_FINANCE_ETF_ITEM_LIST,EXCLUDED_FROM_V1_0_STOCK_RANKING
20261007,438740,MIDAS 중소형액티브,2,국내 업종/테마,34680.0,34717.0,-0.106576,-480.0,-1.37,-3.7899,325.0,11.0,104.0,5,NAVER_FINANCE_ETF_ITEM_LIST,EXCLUDED_FROM_V1_0_STOCK_RANKING
20261007,451150,에셋플러스 글로벌영에이지액티브,4,해외 주식,16745.0,16738.0,0.041821,-70.0,-0.42,-14.9039,2.0,0.0,104.0,5,NAVER_FINANCE_ETF_ITEM_LIST,EXCLUDED_FROM_V1_0_STOCK_RANKING
20261007,463640,KODEX 미국S&P500유틸리티,4,해외 주식,12940.0,12837.0,0.802368,370.0,2.94,-21.9189,8862.0,114.0,104.0,2,NAVER_FINANCE_ETF_ITEM_LIST,EXCLUDED_FROM_V1_0_STOCK_RANKING
20261007,280920,PLUS 주도업종,2,국내 업종/테마,23000.0,22963.0,0.161129,-610.0,-2.58,-10.5343,36.0,0.0,104.0,5,NAVER_FINANCE_ETF_ITEM_LIST,EXCLUDED_FROM_V1_0_STOCK_RANKING
20261007,435040,ACE 글로벌브랜드TOP10,4,해외 주식,18715.0,18684.0,0.165917,5.0,0.03,-10.6619,484.0,9.0,103.0,2,NAVER_FINANCE_ETF_ITEM_LIST,EXCLUDED_FROM_V1_0_STOCK_RANKING
20261007,461580,TIGER 코스닥글로벌,1,국내 시장지수,17040.0,16973.0,0.394745,-470.0,-2.68,8.1865,10174.0,175.0,102.0,5,NAVER_FINANCE_ETF_ITEM_LIST,EXCLUDED_FROM_V1_0_STOCK_RANKING
20261007,310080,RISE 중국MSCI China(H),4,해외 주식,8875.0,8910.0,-0.392817,-45.0,-0.5,0.1122,1420.0,12.0,102.0,5,NAVER_FINANCE_ETF_ITEM_LIST,EXCLUDED_FROM_V1_0_STOCK_RANKING
20261007,237440,TIGER 경기방어채권혼합,7,기타,10115.0,10180.0,-0.638507,-35.0,-0.34,-0.1476,1781.0,18.0,101.0,5,NAVER_FINANCE_ETF_ITEM_LIST,EXCLUDED_FROM_V1_0_STOCK_RANKING
20261007,301400,PLUS 코스닥150,1,국내 시장지수,15490.0,15544.0,-0.347401,-470.0,-2.94,7.4024,2491.0,38.0,101.0,5,NAVER_FINANCE_ETF_ITEM_LIST,EXCLUDED_FROM_V1_0_STOCK_RANKING
20261007,291130,ACE MSCI멕시코(합성),4,해외 주식,16650.0,16703.0,-0.317308,220.0,1.34,-16.4293,202.0,3.0,100.0,2,NAVER_FINANCE_ETF_ITEM_LIST,EXCLUDED_FROM_V1_0_STOCK_RANKING
20261007,460270,KIWOOM 미국달러SOFR금리액티브(합성),6,채권,12240.0,12255.0,-0.122399,-50.0,-0.41,-11.071,42.0,0.0,99.0,5,NAVER_FINANCE_ETF_ITEM_LIST,EXCLUDED_FROM_V1_0_STOCK_RANKING
20261007,371870,ACE 차이나항셍테크,4,해외 주식,6000.0,5993.0,0.116803,-50.0,-0.83,-18.3536,272.0,1.0,96.0,5,NAVER_FINANCE_ETF_ITEM_LIST,EXCLUDED_FROM_V1_0_STOCK_RANKING
20261007,429010,TIGER 미국나스닥넥스트100,4,해외 주식,19140.0,19031.0,0.57275,-15.0,-0.08,-12.8526,329.0,6.0,96.0,5,NAVER_FINANCE_ETF_ITEM_LIST,EXCLUDED_FROM_V1_0_STOCK_RANKING
20261007,463690,KODEX 미국S&P500커뮤니케이션,4,해외 주식,17320.0,17324.0,-0.023089,-105.0,-0.6,-10.651,656.0,11.0,95.0,5,NAVER_FINANCE_ETF_ITEM_LIST,EXCLUDED_FROM_V1_0_STOCK_RANKING
20261007,181480,ACE 미국부동산리츠(합성 H),7,기타,79355.0,79132.0,0.281808,790.0,1.01,-9.3266,98.0,7.0,95.0,2,NAVER_FINANCE_ETF_ITEM_LIST,EXCLUDED_FROM_V1_0_STOCK_RANKING
20261007,466810,BNK 2차전지양극재,2,국내 업종/테마,6345.0,6321.0,0.379687,-155.0,-2.38,17.1171,22427.0,142.0,95.0,5,NAVER_FINANCE_ETF_ITEM_LIST,EXCLUDED_FROM_V1_0_STOCK_RANKING
20261007,498050,HANARO 바이오코리아액티브,2,국내 업종/테마,10005.0,10030.0,-0.249252,-90.0,-0.89,-14.1217,2577.0,26.0,95.0,5,NAVER_FINANCE_ETF_ITEM_LIST,EXCLUDED_FROM_V1_0_STOCK_RANKING
20261007,230480,KIWOOM 미국달러선물인버스2X,7,기타,4910.0,4919.0,-0.182964,30.0,0.61,29.2715,4869.0,23.0,94.0,2,NAVER_FINANCE_ETF_ITEM_LIST,EXCLUDED_FROM_V1_0_STOCK_RANKING
20261007,399580,RISE 글로벌클린에너지,4,해외 주식,9210.0,9259.0,-0.529215,140.0,1.54,-21.7228,5321.0,49.0,92.0,2,NAVER_FINANCE_ETF_ITEM_LIST,EXCLUDED_FROM_V1_0_STOCK_RANKING
20261007,105010,TIGER 라틴35,4,해외 주식,6565.0,6606.0,-0.620648,-195.0,-2.88,-1.0689,50296.0,331.0,92.0,5,NAVER_FINANCE_ETF_ITEM_LIST,EXCLUDED_FROM_V1_0_STOCK_RANKING
20261007,217780,TIGER 차이나CSI300인버스(합성),4,해외 주식,5930.0,5959.0,-0.486659,-50.0,-0.84,25.1046,110.0,0.0,92.0,5,NAVER_FINANCE_ETF_ITEM_LIST,EXCLUDED_FROM_V1_0_STOCK_RANKING
20261007,381570,HANARO Fn친환경에너지,2,국내 업종/테마,10755.0,10718.0,0.345214,-285.0,-2.58,11.5151,14667.0,158.0,91.0,5,NAVER_FINANCE_ETF_ITEM_LIST,EXCLUDED_FROM_V1_0_STOCK_RANKING
20261007,341850,TIGER 리츠부동산인프라채권,7,기타,4565.0,4573.0,-0.17494,0.0,0.0,0.9941,2628.0,11.0,91.0,3,NAVER_FINANCE_ETF_ITEM_LIST,EXCLUDED_FROM_V1_0_STOCK_RANKING
20261007,354350,HANARO 글로벌럭셔리S&P(합성),4,해외 주식,17475.0,17472.0,0.01717,205.0,1.19,-21.5,2415.0,42.0,91.0,2,NAVER_FINANCE_ETF_ITEM_LIST,EXCLUDED_FROM_V1_0_STOCK_RANKING
20261007,270800,RISE KQ고배당,2,국내 업종/테마,16485.0,16456.0,0.176228,-50.0,-0.3,5.6226,5241.0,86.0,91.0,5,NAVER_FINANCE_ETF_ITEM_LIST,EXCLUDED_FROM_V1_0_STOCK_RANKING
20261007,261110,TIGER 미국달러선물레버리지,7,기타,15085.0,15071.0,0.092894,-65.0,-0.43,-22.4668,1300.0,19.0,91.0,5,NAVER_FINANCE_ETF_ITEM_LIST,EXCLUDED_FROM_V1_0_STOCK_RANKING
20261007,117690,TIGER 차이나항셍30,4,해외 주식,18065.0,18222.0,-0.861596,-280.0,-1.53,-7.4887,773.0,14.0,90.0,5,NAVER_FINANCE_ETF_ITEM_LIST,EXCLUDED_FROM_V1_0_STOCK_RANKING
20261007,281990,RISE 중소형고배당,2,국내 업종/테마,17985.0,17992.0,-0.038906,150.0,0.84,1.4689,54.0,0.0,90.0,2,NAVER_FINANCE_ETF_ITEM_LIST,EXCLUDED_FROM_V1_0_STOCK_RANKING
20261007,487910,ACE 인도컨슈머파워액티브,4,해외 주식,7420.0,7418.0,0.026961,-70.0,-0.93,-19.0708,942.0,7.0,89.0,5,NAVER_FINANCE_ETF_ITEM_LIST,EXCLUDED_FROM_V1_0_STOCK_RANKING
20261007,494180,TIME 글로벌소비트렌드액티브,4,해외 주식,12625.0,12681.0,-0.441606,-25.0,-0.2,-11.7545,216.0,2.0,88.0,5,NAVER_FINANCE_ETF_ITEM_LIST,EXCLUDED_FROM_V1_0_STOCK_RANKING
20261007,266390,KODEX 경기소비재,2,국내 업종/테마,14720.0,14689.0,0.211042,-145.0,-0.98,-7.9942,416.0,6.0,88.0,5,NAVER_FINANCE_ETF_ITEM_LIST,EXCLUDED_FROM_V1_0_STOCK_RANKING
20261007,395150,KODEX 웹툰&드라마,2,국내 업종/테마,1820.0,1818.0,0.110011,24.0,1.34,1.6411,24828.0,45.0,87.0,2,NAVER_FINANCE_ETF_ITEM_LIST,EXCLUDED_FROM_V1_0_STOCK_RANKING
20261007,429980,SOL 한국형글로벌전기차&2차전지액티브,7,기타,17390.0,17486.0,-0.549011,260.0,1.52,-13.0457,16923.0,293.0,87.0,2,NAVER_FINANCE_ETF_ITEM_LIST,EXCLUDED_FROM_V1_0_STOCK_RANKING
20261007,215620,HK S&P코리아로우볼,2,국내 업종/테마,16085.0,16228.0,-0.881193,90.0,0.56,1.5878,24.0,0.0,87.0,2,NAVER_FINANCE_ETF_ITEM_LIST,EXCLUDED_FROM_V1_0_STOCK_RANKING
20261007,456250,KODEX 유럽명품TOP10 STOXX,4,해외 주식,7510.0,7506.0,0.053291,15.0,0.2,-24.531,4786.0,35.0,86.0,2,NAVER_FINANCE_ETF_ITEM_LIST,EXCLUDED_FROM_V1_0_STOCK_RANKING
20261007,174350,TIGER 로우볼,2,국내 업종/테마,20395.0,20532.0,-0.667251,-20.0,-0.1,0.6736,285.0,5.0,86.0,5,NAVER_FINANCE_ETF_ITEM_LIST,EXCLUDED_FROM_V1_0_STOCK_RANKING
20261007,497510,ACE 글로벌빅파마,4,해외 주식,12155.0,12171.0,-0.13146,25.0,0.21,-15.7967,2178.0,26.0,85.0,2,NAVER_FINANCE_ETF_ITEM_LIST,EXCLUDED_FROM_V1_0_STOCK_RANKING
20261007,435540,KIWOOM TDF2040액티브 적격,7,기타,16740.0,16734.0,0.035855,-45.0,-0.27,-11.2775,1599.0,26.0,84.0,5,NAVER_FINANCE_ETF_ITEM_LIST,EXCLUDED_FROM_V1_0_STOCK_RANKING
20261007,139240,TIGER 200 철강소재,2,국내 업종/테마,10200.0,10215.0,-0.146843,-575.0,-5.34,6.0531,24319.0,252.0,84.0,5,NAVER_FINANCE_ETF_ITEM_LIST,EXCLUDED_FROM_V1_0_STOCK_RANKING
20261007,449680,TIGER 한중전기차(합성),7,기타,9840.0,9846.0,-0.060938,-85.0,-0.86,-19.309,5.0,0.0,84.0,5,NAVER_FINANCE_ETF_ITEM_LIST,EXCLUDED_FROM_V1_0_STOCK_RANKING
20261007,457930,BNK 미래전략기술액티브,2,국내 업종/테마,27835.0,27719.0,0.418486,-615.0,-2.16,-5.6072,6.0,0.0,84.0,5,NAVER_FINANCE_ETF_ITEM_LIST,EXCLUDED_FROM_V1_0_STOCK_RANKING
20261007,375270,RISE 글로벌데이터센터리츠(합성),7,기타,12820.0,12766.0,0.422999,250.0,1.99,-17.8432,145.0,1.0,83.0,2,NAVER_FINANCE_ETF_ITEM_LIST,EXCLUDED_FROM_V1_0_STOCK_RANKING
20261007,395750,PLUS ESG가치주액티브,2,국내 업종/테마,20545.0,20394.0,0.740414,-175.0,-0.84,-12.8313,15.0,0.0,82.0,5,NAVER_FINANCE_ETF_ITEM_LIST,EXCLUDED_FROM_V1_0_STOCK_RANKING
20261007,182490,TIGER 단기선진하이일드(합성 H),6,채권,13630.0,13663.0,-0.241528,30.0,0.22,-1.7696,396.0,5.0,82.0,2,NAVER_FINANCE_ETF_ITEM_LIST,EXCLUDED_FROM_V1_0_STOCK_RANKING
20261007,497520,ACE 일라이릴리밸류체인,4,해외 주식,12560.0,12566.0,-0.047748,-15.0,-0.12,-10.8473,472.0,5.0,82.0,5,NAVER_FINANCE_ETF_ITEM_LIST,EXCLUDED_FROM_V1_0_STOCK_RANKING
20261007,395280,HANARO Fn K-게임,2,국내 업종/테마,3460.0,3469.0,-0.259441,30.0,0.87,-6.2842,13768.0,47.0,81.0,2,NAVER_FINANCE_ETF_ITEM_LIST,EXCLUDED_FROM_V1_0_STOCK_RANKING
20261007,462340,에셋플러스 글로벌다이나믹시니어액티브,4,해외 주식,16215.0,16213.0,0.012336,0.0,0.0,-9.9667,46.0,0.0,81.0,3,NAVER_FINANCE_ETF_ITEM_LIST,EXCLUDED_FROM_V1_0_STOCK_RANKING
20261007,304670,KODEX 미국30년국채울트라선물인버스(H),6,채권,13230.0,13219.0,0.083214,50.0,0.38,10.6168,355.0,4.0,79.0,2,NAVER_FINANCE_ETF_ITEM_LIST,EXCLUDED_FROM_V1_0_STOCK_RANKING
20261007,189400,PLUS 글로벌MSCI(합성 H),4,해외 주식,26195.0,25980.0,0.82756,120.0,0.46,0.8899,121.0,3.0,79.0,2,NAVER_FINANCE_ETF_ITEM_LIST,EXCLUDED_FROM_V1_0_STOCK_RANKING
20261007,371150,RISE 차이나항셍테크,4,해외 주식,5950.0,5975.0,-0.41841,-50.0,-0.83,-18.8161,472.0,2.0,77.0,5,NAVER_FINANCE_ETF_ITEM_LIST,EXCLUDED_FROM_V1_0_STOCK_RANKING
20261007,480460,WON 한국부동산TOP3플러스,7,기타,9100.0,9188.0,-0.957771,40.0,0.44,-1.0853,327.0,2.0,77.0,2,NAVER_FINANCE_ETF_ITEM_LIST,EXCLUDED_FROM_V1_0_STOCK_RANKING
20261007,227550,TIGER 200 산업재,2,국내 업종/테마,11995.0,12065.0,-0.580191,-555.0,-4.42,-1.1812,24800.0,303.0,77.0,5,NAVER_FINANCE_ETF_ITEM_LIST,EXCLUDED_FROM_V1_0_STOCK_RANKING
20261007,227570,TIGER 우량가치,2,국내 업종/테마,20950.0,20865.0,0.407381,130.0,0.62,3.325,1291.0,26.0,75.0,2,NAVER_FINANCE_ETF_ITEM_LIST,EXCLUDED_FROM_V1_0_STOCK_RANKING
20261007,253280,RISE 헬스케어,2,국내 업종/테마,12550.0,12544.0,0.047832,-120.0,-0.95,-4.0515,702.0,8.0,75.0,5,NAVER_FINANCE_ETF_ITEM_LIST,EXCLUDED_FROM_V1_0_STOCK_RANKING
20261007,285690,FOCUS ESG리더스,2,국내 업종/테마,21410.0,21435.0,-0.116632,-285.0,-1.31,-5.6535,2.0,0.0,75.0,5,NAVER_FINANCE_ETF_ITEM_LIST,EXCLUDED_FROM_V1_0_STOCK_RANKING
20261007,494210,SOL 미국500타겟데일리커버드콜액티브,4,해외 주식,10660.0,10641.0,0.178555,25.0,0.24,-8.3147,3755.0,40.0,75.0,2,NAVER_FINANCE_ETF_ITEM_LIST,EXCLUDED_FROM_V1_0_STOCK_RANKING
20261007,435530,KIWOOM TDF2030액티브 적격,7,기타,14850.0,14822.0,0.188908,-15.0,-0.1,-11.4375,116.0,1.0,74.0,5,NAVER_FINANCE_ETF_ITEM_LIST,EXCLUDED_FROM_V1_0_STOCK_RANKING
20261007,272570,RISE 중장기국공채액티브,6,채권,108155.0,108174.0,-0.017564,-5.0,0.0,0.5344,19.0,2.0,74.0,5,NAVER_FINANCE_ETF_ITEM_LIST,EXCLUDED_FROM_V1_0_STOCK_RANKING
20261007,402460,HANARO Fn K-메타버스MZ,2,국내 업종/테마,14600.0,14681.0,-0.551734,-495.0,-3.28,-2.9074,2039.0,30.0,73.0,5,NAVER_FINANCE_ETF_ITEM_LIST,EXCLUDED_FROM_V1_0_STOCK_RANKING
20261007,225800,KIWOOM 미국달러선물레버리지,7,기타,14185.0,14169.0,0.112923,-65.0,-0.46,-22.5123,878.0,12.0,72.0,5,NAVER_FINANCE_ETF_ITEM_LIST,EXCLUDED_FROM_V1_0_STOCK_RANKING
20261007,488480,RISE 일본섹터TOP4Plus,4,해외 주식,13080.0,13122.0,-0.320073,-215.0,-1.62,-5.6831,1722.0,22.0,72.0,5,NAVER_FINANCE_ETF_ITEM_LIST,EXCLUDED_FROM_V1_0_STOCK_RANKING
20261007,437370,RISE 글로벌농업경제,4,해외 주식,10155.0,10085.0,0.6941,65.0,0.64,-11.127,5853.0,59.0,71.0,2,NAVER_FINANCE_ETF_ITEM_LIST,EXCLUDED_FROM_V1_0_STOCK_RANKING
20261007,315270,TIGER 200커뮤니케이션서비스,2,국내 업종/테마,18625.0,18600.0,0.134409,70.0,0.38,-5.1478,76.0,1.0,71.0,2,NAVER_FINANCE_ETF_ITEM_LIST,EXCLUDED_FROM_V1_0_STOCK_RANKING
20261007,225050,TIGER 유로스탁스레버리지(합성 H),4,해외 주식,15620.0,15756.0,-0.863163,140.0,0.9,-6.0965,3044.0,47.0,70.0,2,NAVER_FINANCE_ETF_ITEM_LIST,EXCLUDED_FROM_V1_0_STOCK_RANKING
20261007,487920,ACE 인도시장대표BIG5그룹액티브,4,해외 주식,7025.0,7040.0,-0.213068,-110.0,-1.54,-19.3786,876.0,6.0,70.0,5,NAVER_FINANCE_ETF_ITEM_LIST,EXCLUDED_FROM_V1_0_STOCK_RANKING
20261007,244670,KODEX 밸류Plus,2,국내 업종/테마,11600.0,11623.0,-0.197884,80.0,0.69,0.0131,175.0,2.0,70.0,2,NAVER_FINANCE_ETF_ITEM_LIST,EXCLUDED_FROM_V1_0_STOCK_RANKING
20261007,400590,SOL 글로벌탄소배출권선물ICE(합성),4,해외 주식,13535.0,13532.0,0.02217,40.0,0.3,-10.8064,167.0,2.0,68.0,2,NAVER_FINANCE_ETF_ITEM_LIST,EXCLUDED_FROM_V1_0_STOCK_RANKING
20261007,139660,KIWOOM 미국달러선물인버스,7,기타,8665.0,8663.0,0.023087,15.0,0.17,14.7214,1890.0,16.0,67.0,2,NAVER_FINANCE_ETF_ITEM_LIST,EXCLUDED_FROM_V1_0_STOCK_RANKING
20261007,256450,PLUS 심천차이넥스트(합성),4,해외 주식,13305.0,13383.0,-0.582829,20.0,0.15,-30.1892,15.0,0.0,67.0,2,NAVER_FINANCE_ETF_ITEM_LIST,EXCLUDED_FROM_V1_0_STOCK_RANKING
20261007,450180,KODEX 한중전기차(합성),7,기타,10170.0,10128.0,0.414692,-15.0,-0.15,-19.7716,2.0,0.0,66.0,5,NAVER_FINANCE_ETF_ITEM_LIST,EXCLUDED_FROM_V1_0_STOCK_RANKING
20261007,138920,KODEX 콩선물(H),5,원자재,12915.0,12930.0,-0.116009,335.0,2.66,8.215,832.0,10.0,65.0,2,NAVER_FINANCE_ETF_ITEM_LIST,EXCLUDED_FROM_V1_0_STOCK_RANKING
20261007,307510,TIGER 의료기기,2,국내 업종/테마,12900.0,12892.0,0.062054,0.0,0.0,-3.1769,2354.0,30.0,65.0,3,NAVER_FINANCE_ETF_ITEM_LIST,EXCLUDED_FROM_V1_0_STOCK_RANKING
20261007,456200,PLUS 미국달러SOFR금리액티브(합성),6,채권,58275.0,58339.0,-0.109704,-185.0,-0.32,-11.6318,326.0,18.0,64.0,5,NAVER_FINANCE_ETF_ITEM_LIST,EXCLUDED_FROM_V1_0_STOCK_RANKING
20261007,139290,TIGER 200 경기소비재,2,국내 업종/테마,22845.0,22881.0,-0.157336,-225.0,-0.98,-22.4669,7295.0,167.0,64.0,5,NAVER_FINANCE_ETF_ITEM_LIST,EXCLUDED_FROM_V1_0_STOCK_RANKING
20261007,326230,RISE 내수주플러스,2,국내 업종/테마,10985.0,10989.0,-0.0364,30.0,0.27,-3.8192,19.0,0.0,64.0,2,NAVER_FINANCE_ETF_ITEM_LIST,EXCLUDED_FROM_V1_0_STOCK_RANKING
20261007,451670,RISE 국채30년레버리지(합성),6,채권,12570.0,12484.0,0.688882,140.0,1.13,-5.0421,946.0,11.0,63.0,2,NAVER_FINANCE_ETF_ITEM_LIST,EXCLUDED_FROM_V1_0_STOCK_RANKING
20261007,289670,PLUS 국채선물10년,6,채권,52220.0,52191.0,0.055565,0.0,0.0,0.0478,286.0,14.0,63.0,3,NAVER_FINANCE_ETF_ITEM_LIST,EXCLUDED_FROM_V1_0_STOCK_RANKING
20261007,469530,RISE 미국달러선물인버스,3,국내 파생,9715.0,9704.0,0.113355,60.0,0.62,14.0578,10.0,0.0,62.0,2,NAVER_FINANCE_ETF_ITEM_LIST,EXCLUDED_FROM_V1_0_STOCK_RANKING
20261007,368680,KODEX K-뉴딜디지털플러스,2,국내 업종/테마,7755.0,7754.0,0.012897,-50.0,-0.64,3.3832,95.0,0.0,62.0,5,NAVER_FINANCE_ETF_ITEM_LIST,EXCLUDED_FROM_V1_0_STOCK_RANKING
20261007,250780,TIGER 코스닥150선물인버스,3,국내 파생,2205.0,2202.0,0.13624,50.0,2.32,-14.3142,281985.0,614.0,62.0,2,NAVER_FINANCE_ETF_ITEM_LIST,EXCLUDED_FROM_V1_0_STOCK_RANKING
20261007,429740,PLUS K리츠,7,기타,6045.0,6088.0,-0.706307,30.0,0.5,2.2415,2493.0,15.0,60.0,2,NAVER_FINANCE_ETF_ITEM_LIST,EXCLUDED_FROM_V1_0_STOCK_RANKING
20261007,291630,KIWOOM 코스닥150선물레버리지,3,국내 파생,4145.0,4139.0,0.144963,-260.0,-5.9,3.0409,159572.0,678.0,60.0,5,NAVER_FINANCE_ETF_ITEM_LIST,EXCLUDED_FROM_V1_0_STOCK_RANKING
20261007,316300,ACE 싱가포르리츠,7,기타,11965.0,11918.0,0.394361,80.0,0.67,-16.999,357.0,4.0,60.0,2,NAVER_FINANCE_ETF_ITEM_LIST,EXCLUDED_FROM_V1_0_STOCK_RANKING
20261007,267450,RISE 미국장기국채선물인버스(H),6,채권,11865.0,11833.0,0.27043,0.0,0.0,10.4234,0.0,0.0,59.0,3,NAVER_FINANCE_ETF_ITEM_LIST,EXCLUDED_FROM_V1_0_STOCK_RANKING
20261007,400580,SOL 유럽탄소배출권선물S&P(H),4,해외 주식,11855.0,11955.0,-0.83647,130.0,1.11,4.4543,77.0,0.0,59.0,2,NAVER_FINANCE_ETF_ITEM_LIST,EXCLUDED_FROM_V1_0_STOCK_RANKING
20261007,483020,KIWOOM 의료AI,2,국내 업종/테마,9070.0,9103.0,-0.362518,-185.0,-2.0,-2.9366,4454.0,40.0,59.0,5,NAVER_FINANCE_ETF_ITEM_LIST,EXCLUDED_FROM_V1_0_STOCK_RANKING
20261007,314700,HANARO 농업융복합산업,2,국내 업종/테마,10655.0,10727.0,-0.671204,-130.0,-1.21,-0.4016,5038.0,54.0,59.0,5,NAVER_FINANCE_ETF_ITEM_LIST,EXCLUDED_FROM_V1_0_STOCK_RANKING
20261007,433250,UNICORN R&D 액티브,1,국내 시장지수,23160.0,23054.0,0.45979,-560.0,-2.36,-12.0668,15.0,0.0,58.0,5,NAVER_FINANCE_ETF_ITEM_LIST,EXCLUDED_FROM_V1_0_STOCK_RANKING
20261007,407300,HANARO Fn골프테마,2,국내 업종/테마,10230.0,10140.0,0.887574,0.0,0.0,-13.9817,0.0,0.0,56.0,3,NAVER_FINANCE_ETF_ITEM_LIST,EXCLUDED_FROM_V1_0_STOCK_RANKING
20261007,291890,KODEX MSCI EM선물(H),4,해외 주식,12500.0,12459.0,0.329079,30.0,0.24,-0.1202,101.0,1.0,56.0,2,NAVER_FINANCE_ETF_ITEM_LIST,EXCLUDED_FROM_V1_0_STOCK_RANKING
20261007,432600,RISE 국채선물3년,6,채권,55405.0,55378.0,0.048756,5.0,0.01,0.5444,4.0,0.0,55.0,2,NAVER_FINANCE_ETF_ITEM_LIST,EXCLUDED_FROM_V1_0_STOCK_RANKING
20261007,401590,HANARO 글로벌탄소배출권선물ICE(합성),4,해외 주식,10775.0,10803.0,-0.259187,75.0,0.7,-11.277,2.0,0.0,55.0,2,NAVER_FINANCE_ETF_ITEM_LIST,EXCLUDED_FROM_V1_0_STOCK_RANKING
20261007,238670,PLUS 스마트베타Quality채권혼합,7,기타,13635.0,13536.0,0.731383,0.0,0.0,2.5187,8692.0,118.0,55.0,3,NAVER_FINANCE_ETF_ITEM_LIST,EXCLUDED_FROM_V1_0_STOCK_RANKING
20261007,470310,UNICORN 생성형AI강소기업액티브,2,국내 업종/테마,18090.0,18207.0,-0.64261,-640.0,-3.42,10.9925,383.0,7.0,54.0,5,NAVER_FINANCE_ETF_ITEM_LIST,EXCLUDED_FROM_V1_0_STOCK_RANKING
20261007,499150,SOL 미국S&P500엔화노출(H),4,해외 주식,10765.0,10697.0,0.635692,-25.0,-0.23,-6.7639,1388.0,14.0,54.0,5,NAVER_FINANCE_ETF_ITEM_LIST,EXCLUDED_FROM_V1_0_STOCK_RANKING
20261007,220130,SOL 차이나강소기업CSI500(합성 H),4,해외 주식,6550.0,6594.0,-0.667273,0.0,0.0,-11.6656,446.0,2.0,52.0,3,NAVER_FINANCE_ETF_ITEM_LIST,EXCLUDED_FROM_V1_0_STOCK_RANKING
20261007,390400,KODEX 미국스마트모빌리티S&P,4,해외 주식,6545.0,6591.0,-0.697921,-45.0,-0.68,-22.2292,109.0,0.0,52.0,5,NAVER_FINANCE_ETF_ITEM_LIST,EXCLUDED_FROM_V1_0_STOCK_RANKING
20261007,295000,RISE 국채선물10년,6,채권,51415.0,51405.0,0.019453,-35.0,-0.07,-0.2134,217.0,11.0,51.0,5,NAVER_FINANCE_ETF_ITEM_LIST,EXCLUDED_FROM_V1_0_STOCK_RANKING
20261007,490330,KoAct 미국치매&뇌질환치료제액티브,4,해외 주식,12765.0,12795.0,-0.234467,-125.0,-0.97,-22.4429,1545.0,19.0,51.0,5,NAVER_FINANCE_ETF_ITEM_LIST,EXCLUDED_FROM_V1_0_STOCK_RANKING
20261007,227560,TIGER 200 생활소비재,2,국내 업종/테마,12450.0,12527.0,-0.614672,180.0,1.47,-2.2639,879.0,10.0,50.0,2,NAVER_FINANCE_ETF_ITEM_LIST,EXCLUDED_FROM_V1_0_STOCK_RANKING
20261007,483030,KIWOOM 미국블록버스터바이오테크의약품+,4,해외 주식,11065.0,11048.0,0.153874,0.0,0.0,-13.9474,1237.0,13.0,50.0,3,NAVER_FINANCE_ETF_ITEM_LIST,EXCLUDED_FROM_V1_0_STOCK_RANKING
20261007,413220,SOL 차이나태양광CSI(합성),4,해외 주식,4125.0,4147.0,-0.530504,-10.0,-0.24,-27.008,123.0,0.0,50.0,5,NAVER_FINANCE_ETF_ITEM_LIST,EXCLUDED_FROM_V1_0_STOCK_RANKING
20261007,219900,ACE 중국본토CSI300레버리지(합성),4,해외 주식,3530.0,3559.0,-0.814836,-45.0,-1.26,-37.2257,2878.0,10.0,49.0,5,NAVER_FINANCE_ETF_ITEM_LIST,EXCLUDED_FROM_V1_0_STOCK_RANKING
20261007,476310,RISE 글로벌비만산업TOP2+,4,해외 주식,8770.0,8912.0,-1.593357,-20.0,-0.23,-23.3917,231.0,2.0,48.0,5,NAVER_FINANCE_ETF_ITEM_LIST,EXCLUDED_FROM_V1_0_STOCK_RANKING
20261007,474390,SOL 국고채30년액티브,6,채권,41265.0,41248.0,0.041214,100.0,0.24,-1.472,5084.0,209.0,47.0,2,NAVER_FINANCE_ETF_ITEM_LIST,EXCLUDED_FROM_V1_0_STOCK_RANKING
20261007,411860,KIWOOM 독일DAX,4,해외 주식,15620.0,15662.0,-0.268165,10.0,0.06,-15.7117,1901.0,29.0,47.0,2,NAVER_FINANCE_ETF_ITEM_LIST,EXCLUDED_FROM_V1_0_STOCK_RANKING
20261007,267440,RISE 미국장기국채선물(H),6,채권,7585.0,7594.0,-0.118515,-25.0,-0.33,-6.4536,298.0,2.0,46.0,5,NAVER_FINANCE_ETF_ITEM_LIST,EXCLUDED_FROM_V1_0_STOCK_RANKING
20261007,266550,PLUS 중형주저변동50,2,국내 업종/테마,18015.0,18066.0,-0.282298,70.0,0.39,-4.1912,2.0,0.0,45.0,2,NAVER_FINANCE_ETF_ITEM_LIST,EXCLUDED_FROM_V1_0_STOCK_RANKING
20261007,391600,ACE 미국친환경그린테마,4,해외 주식,9995.0,9997.0,-0.020006,95.0,0.96,-21.6773,178.0,1.0,45.0,2,NAVER_FINANCE_ETF_ITEM_LIST,EXCLUDED_FROM_V1_0_STOCK_RANKING
20261007,498610,RISE 인도디지털성장,4,해외 주식,7360.0,7425.0,-0.875421,-35.0,-0.47,-12.7998,2280.0,16.0,44.0,5,NAVER_FINANCE_ETF_ITEM_LIST,EXCLUDED_FROM_V1_0_STOCK_RANKING
20261007,277650,TIGER 코스피중형주,2,국내 업종/테마,21285.0,21430.0,-0.676622,-190.0,-0.88,1.3688,137.0,2.0,43.0,5,NAVER_FINANCE_ETF_ITEM_LIST,EXCLUDED_FROM_V1_0_STOCK_RANKING
20261007,205720,ACE 일본TOPIX인버스(합성 H),4,해외 주식,1410.0,1419.0,-0.634249,-5.0,-0.35,-3.4789,3532.0,4.0,42.0,5,NAVER_FINANCE_ETF_ITEM_LIST,EXCLUDED_FROM_V1_0_STOCK_RANKING
20261007,252420,RISE 200선물인버스2X,3,국내 파생,78.0,78.0,0.0,3.0,4.0,-5.0633,568178.0,43.0,41.0,2,NAVER_FINANCE_ETF_ITEM_LIST,EXCLUDED_FROM_V1_0_STOCK_RANKING
20261007,373790,KIWOOM 미국방어배당성장나스닥,4,해외 주식,14575.0,14511.0,0.441045,120.0,0.83,-15.7784,115.0,1.0,41.0,2,NAVER_FINANCE_ETF_ITEM_LIST,EXCLUDED_FROM_V1_0_STOCK_RANKING
20261007,291680,RISE 차이나H선물인버스(H),4,해외 주식,8115.0,8120.0,-0.061576,45.0,0.56,-5.003,37.0,0.0,41.0,2,NAVER_FINANCE_ETF_ITEM_LIST,EXCLUDED_FROM_V1_0_STOCK_RANKING
20261007,226380,ACE Fn성장소비주도주,2,국내 업종/테마,5735.0,5774.0,-0.675442,35.0,0.61,-0.5236,344.0,1.0,40.0,2,NAVER_FINANCE_ETF_ITEM_LIST,EXCLUDED_FROM_V1_0_STOCK_RANKING
20261007,243890,TIGER 200에너지화학레버리지,2,국내 업종/테마,8900.0,9008.0,-1.198934,-180.0,-1.98,4.0091,31923.0,285.0,40.0,5,NAVER_FINANCE_ETF_ITEM_LIST,EXCLUDED_FROM_V1_0_STOCK_RANKING
20261007,244660,KODEX 퀄리티Plus,2,국내 업종/테마,9370.0,9357.0,0.138933,130.0,1.41,0.3138,41.0,0.0,37.0,2,NAVER_FINANCE_ETF_ITEM_LIST,EXCLUDED_FROM_V1_0_STOCK_RANKING
20261007,225030,TIGER 미국S&P500선물인버스(H),4,해외 주식,2230.0,2223.0,0.31489,-10.0,-0.45,-2.82,86914.0,193.0,37.0,5,NAVER_FINANCE_ETF_ITEM_LIST,EXCLUDED_FROM_V1_0_STOCK_RANKING
20261007,334690,RISE 팔라듐선물(H),5,원자재,5205.0,5182.0,0.443844,-40.0,-0.76,-9.2561,1945.0,10.0,36.0,5,NAVER_FINANCE_ETF_ITEM_LIST,EXCLUDED_FROM_V1_0_STOCK_RANKING
20261007,306530,HANARO 코스닥150선물레버리지,3,국내 파생,8225.0,8242.0,-0.206261,-580.0,-6.59,4.3246,51158.0,440.0,36.0,5,NAVER_FINANCE_ETF_ITEM_LIST,EXCLUDED_FROM_V1_0_STOCK_RANKING
20261007,427120,RISE AI플랫폼,2,국내 업종/테마,5375.0,5406.0,-0.573437,-100.0,-1.83,9.6096,2515.0,13.0,33.0,5,NAVER_FINANCE_ETF_ITEM_LIST,EXCLUDED_FROM_V1_0_STOCK_RANKING
20261007,321410,KODEX 멀티에셋하이인컴(H),7,기타,10340.0,10439.0,-0.948367,25.0,0.24,-2.5928,546.0,5.0,31.0,2,NAVER_FINANCE_ETF_ITEM_LIST,EXCLUDED_FROM_V1_0_STOCK_RANKING
20261007,267490,RISE 미국장기국채선물레버리지(합성 H),6,채권,4410.0,4422.0,-0.27137,0.0,0.0,-16.08,80.0,0.0,31.0,3,NAVER_FINANCE_ETF_ITEM_LIST,EXCLUDED_FROM_V1_0_STOCK_RANKING
20261007,280940,KODEX 골드선물인버스(H),5,원자재,3645.0,3641.0,0.10986,20.0,0.55,-0.5487,4522.0,16.0,29.0,2,NAVER_FINANCE_ETF_ITEM_LIST,EXCLUDED_FROM_V1_0_STOCK_RANKING
20261007,476000,UNICORN 포스트IPO액티브,2,국내 업종/테마,5140.0,5181.0,-0.791353,-160.0,-3.02,-17.1875,421.0,2.0,28.0,5,NAVER_FINANCE_ETF_ITEM_LIST,EXCLUDED_FROM_V1_0_STOCK_RANKING
20261007,145670,ACE 인버스,3,국내 파생,1281.0,1286.0,-0.388802,24.0,1.91,5.6302,53836.0,68.0,28.0,2,NAVER_FINANCE_ETF_ITEM_LIST,EXCLUDED_FROM_V1_0_STOCK_RANKING
20261007,252410,RISE 200선물인버스,3,국내 파생,1304.0,1309.0,-0.381971,25.0,1.95,4.836,45178.0,58.0,27.0,2,NAVER_FINANCE_ETF_ITEM_LIST,EXCLUDED_FROM_V1_0_STOCK_RANKING
20261007,491630,RISE 미국반도체인버스(합성 H),4,해외 주식,4735.0,4710.0,0.530786,25.0,0.53,-6.3619,2130.0,10.0,27.0,2,NAVER_FINANCE_ETF_ITEM_LIST,EXCLUDED_FROM_V1_0_STOCK_RANKING
20261007,253230,KIWOOM 200선물인버스2X,3,국내 파생,74.0,74.0,0.0,4.0,5.71,-6.6667,1925812.0,139.0,24.0,2,NAVER_FINANCE_ETF_ITEM_LIST,EXCLUDED_FROM_V1_0_STOCK_RANKING
20261007,334700,RISE 팔라듐선물인버스(H),5,원자재,3695.0,3739.0,-1.176785,0.0,0.0,4.2313,151.0,0.0,24.0,3,NAVER_FINANCE_ETF_ITEM_LIST,EXCLUDED_FROM_V1_0_STOCK_RANKING
20261007,280320,ACE 미국IT인터넷(합성 H),4,해외 주식,22020.0,22201.0,-0.815279,100.0,0.46,9.3812,38.0,0.0,22.0,2,NAVER_FINANCE_ETF_ITEM_LIST,EXCLUDED_FROM_V1_0_STOCK_RANKING
20261007,275750,RISE 코스닥150선물인버스,3,국내 파생,2220.0,2224.0,-0.179856,65.0,3.02,-15.4902,16803.0,36.0,21.0,2,NAVER_FINANCE_ETF_ITEM_LIST,EXCLUDED_FROM_V1_0_STOCK_RANKING
20261007,291620,KIWOOM 코스닥150선물인버스,3,국내 파생,3895.0,3900.0,-0.128205,115.0,3.04,-15.9066,12985.0,49.0,16.0,2,NAVER_FINANCE_ETF_ITEM_LIST,EXCLUDED_FROM_V1_0_STOCK_RANKING
20261007,253240,KIWOOM 200선물인버스,3,국내 파생,1310.0,1306.0,0.306279,43.0,3.39,4.7973,37370.0,48.0,15.0,2,NAVER_FINANCE_ETF_ITEM_LIST,EXCLUDED_FROM_V1_0_STOCK_RANKING
20261007,306520,HANARO 200선물인버스,3,국내 파생,2375.0,2374.0,0.042123,55.0,2.37,5.2154,11917.0,27.0,14.0,2,NAVER_FINANCE_ETF_ITEM_LIST,EXCLUDED_FROM_V1_0_STOCK_RANKING
20261007,253160,PLUS 200선물인버스2X,3,국내 파생,148.0,150.0,-1.333333,3.0,2.07,-6.4517,1064094.0,156.0,14.0,2,NAVER_FINANCE_ETF_ITEM_LIST,EXCLUDED_FROM_V1_0_STOCK_RANKING
20261007,261920,ACE MSCI필리핀(합성),4,해외 주식,11115.0,11201.0,-0.767789,-20.0,-0.18,-20.8037,49.0,0.0,11.0,5,NAVER_FINANCE_ETF_ITEM_LIST,EXCLUDED_FROM_V1_0_STOCK_RANKING
20261007,412560,TIGER BBIG레버리지,2,국내 업종/테마,1645.0,1641.0,0.243754,-5.0,-0.3,-6.1968,7648.0,12.0,11.0,5,NAVER_FINANCE_ETF_ITEM_LIST,EXCLUDED_FROM_V1_0_STOCK_RANKING
20261007,465620,ACE 미국빅테크TOP7 Plus인버스(합성),4,해외 주식,6250.0,6282.0,-0.509392,5.0,0.08,-2.4981,2140.0,13.0,6.0,2,NAVER_FINANCE_ETF_ITEM_LIST,EXCLUDED_FROM_V1_0_STOCK_RANKING
